timestamp,return,max_loss,shape,loc,scale
2022-03-07 00:47:00+00:00,-0.011479926057478274,0.11780191135652984,3.1146276771813763,-0.05621009323237719,0.17306807513508604
2022-03-07 01:47:00+00:00,0.01825772571152351,0.20080168973792833,3.1146276771813763,-0.05621009323237719,0.17306807513508604
2022-03-07 02:47:00+00:00,0.0353884624192502,0.32967244482967617,3.1146276771813763,-0.05621009323237719,0.17306807513508604
2022-03-07 03:47:00+00:00,-0.040322199231335176,0.07680255577825479,3.1146276771813763,-0.05621009323237719,0.17306807513508604
2022-03-07 04:47:00+00:00,-0.004237296831344217,0.1111661652173801,3.1146276771813763,-0.05621009323237719,0.17306807513508604
2022-03-07 05:47:00+00:00,0.0064725943000221164,0.09815219272429898,3.1146276771813763,-0.05621009323237719,0.17306807513508604
2022-03-07 06:47:00+00:00,-0.06283691363686561,0.1410201282971979,3.1146276771813763,-0.05621009323237719,0.17306807513508604
2022-03-07 07:47:00+00:00,0.02756697085521953,0.2405151457626986,3.1146276771813763,-0.05621009323237719,0.17306807513508604
2022-03-07 08:47:00+00:00,-0.11188836952211734,0.10246404854529212,3.1146276771813763,-0.05621009323237719,0.17306807513508604
2022-03-07 09:47:00+00:00,-0.004454131981335152,0.12408533730519089,3.1146276771813763,-0.05621009323237719,0.17306807513508604
2022-03-07 10:47:00+00:00,0.02897454589807502,0.20171611326208483,3.1146276771813763,-0.05621009323237719,0.17306807513508604
2022-03-07 11:47:00+00:00,-0.010905608763356334,0.1154983080764116,3.1146276771813763,-0.05621009323237719,0.17306807513508604
2022-03-07 12:47:00+00:00,0.08757885315228142,0.1183744929340258,3.1146276771813763,-0.05621009323237719,0.17306807513508604
2022-03-07 13:47:00+00:00,-0.16233191011894021,0.18772980087587987,3.1146276771813763,-0.05621009323237719,0.17306807513508604
2022-03-07 14:47:00+00:00,0.16404416081178264,0.3473995648599071,3.1146276771813763,-0.05621009323237719,0.17306807513508604
2022-03-07 15:47:00+00:00,0.027971982820451657,0.23740839220015575,3.1146276771813763,-0.05621009323237719,0.17306807513508604
2022-03-07 16:47:00+00:00,-0.11514724572863066,0.2092888991127695,3.1146276771813763,-0.05621009323237719,0.17306807513508604
2022-03-07 17:47:00+00:00,-0.014057974056780331,0.6480814587481509,3.1146276771813763,-0.05621009323237719,0.17306807513508604
2022-03-07 18:47:00+00:00,0.04452379834063436,0.6118290947211724,3.1146276771813763,-0.05621009323237719,0.17306807513508604
2022-03-07 19:47:00+00:00,0.1098592653362318,0.19702248058343086,3.1146276771813763,-0.05621009323237719,0.17306807513508604
2022-03-07 20:47:00+00:00,-0.04891530943722522,0.3186115388912336,3.1146276771813763,-0.05621009323237719,0.17306807513508604
2022-03-07 21:47:00+00:00,0.058685888271725606,0.16509784264191474,3.1146276771813763,-0.05621009323237719,0.17306807513508604
2022-03-07 22:47:00+00:00,0.12093069216913,0.29900014806416575,3.1146276771813763,-0.05621009323237719,0.17306807513508604
2022-03-07 23:47:00+00:00,0.2857239394098654,0.33099893345658327,3.1146276771813763,-0.05621009323237719,0.17306807513508604
2022-03-08 00:47:00+00:00,-0.12003237901578867,0.28107018662473227,3.1146276771813763,-0.05621009323237719,0.17306807513508604
2022-03-08 01:47:00+00:00,-0.034463498463876974,0.2027406435791579,3.1146276771813763,-0.05621009323237719,0.17306807513508604
2022-03-08 02:47:00+00:00,-0.012742279513622279,0.1602028834778335,3.1146276771813763,-0.05621009323237719,0.17306807513508604
2022-03-08 03:47:00+00:00,-0.00608760275548903,0.14494421386468392,3.1146276771813763,-0.05621009323237719,0.17306807513508604
2022-03-08 04:47:00+00:00,0.03951310780534456,0.27411126380231243,3.1146276771813763,-0.05621009323237719,0.17306807513508604
2022-03-08 05:47:00+00:00,0.007268351801170692,0.3150784785808214,3.1146276771813763,-0.05621009323237719,0.17306807513508604
2022-03-08 06:47:00+00:00,-0.017270062164098654,0.18762933511269342,3.1146276771813763,-0.05621009323237719,0.17306807513508604
2022-03-08 07:47:00+00:00,0.03854411032728766,0.1520335468993217,3.1146276771813763,-0.05621009323237719,0.17306807513508604
2022-03-08 08:47:00+00:00,-0.09484304310649616,0.2931423084625129,3.1146276771813763,-0.05621009323237719,0.17306807513508604
2022-03-08 09:47:00+00:00,-0.01546455187095841,0.18545160476723943,3.1146276771813763,-0.05621009323237719,0.17306807513508604
2022-03-08 10:47:00+00:00,0.01752928854426017,0.24525189270971914,3.1146276771813763,-0.05621009323237719,0.17306807513508604
2022-03-08 11:47:00+00:00,-0.07253264853011032,0.2615703047415985,3.1146276771813763,-0.05621009323237719,0.17306807513508604
2022-03-08 12:47:00+00:00,0.007323708671802542,0.32976630340908475,3.1146276771813763,-0.05621009323237719,0.17306807513508604
2022-03-08 13:47:00+00:00,0.07742078858881118,0.3571164832687823,3.1146276771813763,-0.05621009323237719,0.17306807513508604
2022-03-08 14:47:00+00:00,-0.10137404512602366,0.5117938962475366,3.1146276771813763,-0.05621009323237719,0.17306807513508604
2022-03-08 15:47:00+00:00,-0.12540629665589442,0.22497232821379054,3.1146276771813763,-0.05621009323237719,0.17306807513508604
2022-03-08 16:47:00+00:00,-0.18907972834696363,0.2191783055940255,3.1146276771813763,-0.05621009323237719,0.17306807513508604
2022-03-08 17:47:00+00:00,0.018132237480605884,0.23192246733360067,3.1146276771813763,-0.05621009323237719,0.17306807513508604
2022-03-08 18:47:00+00:00,-0.12620112967494101,0.26623270688694856,3.1146276771813763,-0.05621009323237719,0.17306807513508604
2022-03-08 19:47:00+00:00,-0.051578599038792916,0.17701299804374626,3.1146276771813763,-0.05621009323237719,0.17306807513508604
2022-03-08 20:47:00+00:00,-0.15219835679849414,0.17850580025229323,3.1146276771813763,-0.05621009323237719,0.17306807513508604
2022-03-08 21:47:00+00:00,-0.026553610592561228,0.12219309130189204,3.1146276771813763,-0.05621009323237719,0.17306807513508604
2022-03-08 22:47:00+00:00,-0.08563671716603771,0.09067781285670984,3.1146276771813763,-0.05621009323237719,0.17306807513508604
2022-03-08 23:47:00+00:00,0.03368380703530072,0.22290489469182218,3.1146276771813763,-0.05621009323237719,0.17306807513508604
2022-03-09 00:47:00+00:00,-0.19946441787599412,0.1373780415491188,3.1146276771813763,-0.05621009323237719,0.17306807513508604
2022-03-09 01:47:00+00:00,-0.07791715475973238,0.21485466006758713,3.1146276771813763,-0.05621009323237719,0.17306807513508604
2022-03-09 02:47:00+00:00,-0.05211593654701474,0.22519854651443794,3.1146276771813763,-0.05621009323237719,0.17306807513508604
2022-03-09 03:47:00+00:00,0.04929495431224007,0.2769745119378775,3.1146276771813763,-0.05621009323237719,0.17306807513508604
2022-03-09 04:47:00+00:00,-0.026074263360342798,0.1970314782588578,3.1146276771813763,-0.05621009323237719,0.17306807513508604
2022-03-09 05:47:00+00:00,0.0015242240545165764,0.11435100554147981,3.1146276771813763,-0.05621009323237719,0.17306807513508604
2022-03-09 06:47:00+00:00,0.07807703924441745,0.09348833085797148,3.1146276771813763,-0.05621009323237719,0.17306807513508604
2022-03-09 07:47:00+00:00,-0.019994961293057223,0.21139445835940407,3.1146276771813763,-0.05621009323237719,0.17306807513508604
2022-03-09 08:47:00+00:00,-0.03999089118924548,0.1661483093108873,3.1146276771813763,-0.05621009323237719,0.17306807513508604
2022-03-09 09:47:00+00:00,0.15863854512668807,0.15863854512668807,3.1146276771813763,-0.05621009323237719,0.17306807513508604
2022-03-09 10:47:00+00:00,-0.005945369815174573,0.20926555130059699,3.1146276771813763,-0.05621009323237719,0.17306807513508604
2022-03-09 11:47:00+00:00,-0.0010631946323780284,0.3182164413785604,3.1146276771813763,-0.05621009323237719,0.17306807513508604
2022-03-09 12:47:00+00:00,-0.03936106173065834,0.12970036224646542,3.1146276771813763,-0.05621009323237719,0.17306807513508604
2022-03-09 13:47:00+00:00,0.05677158858603537,0.26412536987360236,3.1146276771813763,-0.05621009323237719,0.17306807513508604
2022-03-09 14:47:00+00:00,-0.0223978434820582,0.1410423198067723,3.1146276771813763,-0.05621009323237719,0.17306807513508604
2022-03-09 15:47:00+00:00,0.03499447064064798,0.19037061207104466,3.1146276771813763,-0.05621009323237719,0.17306807513508604
2022-03-09 16:47:00+00:00,0.06001232446184446,0.16059543091345718,3.1146276771813763,-0.05621009323237719,0.17306807513508604
2022-03-09 17:47:00+00:00,-0.03859667771923814,0.13039315973709664,3.1146276771813763,-0.05621009323237719,0.17306807513508604
2022-03-09 18:47:00+00:00,0.09953476558702823,0.16428399019874362,3.1146276771813763,-0.05621009323237719,0.17306807513508604
2022-03-09 19:47:00+00:00,0.03757303022249303,0.16113943706521638,3.1146276771813763,-0.05621009323237719,0.17306807513508604
2022-03-09 20:47:00+00:00,-0.026842113150937763,0.2592691471335895,3.1146276771813763,-0.05621009323237719,0.17306807513508604
2022-03-09 21:47:00+00:00,-0.10809821052977231,0.1614008307761594,3.1146276771813763,-0.05621009323237719,0.17306807513508604
2022-03-09 22:47:00+00:00,0.07822207305103746,0.10818623081566558,3.1146276771813763,-0.05621009323237719,0.17306807513508604
2022-03-09 23:47:00+00:00,0.012785088603239902,0.22184112474501472,3.1146276771813763,-0.05621009323237719,0.17306807513508604
2022-03-10 00:47:00+00:00,0.005608402375445465,0.5148733010977957,3.1146276771813763,-0.05621009323237719,0.17306807513508604
2022-03-10 01:47:00+00:00,0.14575540300174605,0.293380972410906,3.1146276771813763,-0.05621009323237719,0.17306807513508604
2022-03-10 02:47:00+00:00,-0.04400293068804739,0.232634941090204,3.1146276771813763,-0.05621009323237719,0.17306807513508604
2022-03-10 03:47:00+00:00,-0.020982384316448055,0.4214793667582595,3.1146276771813763,-0.05621009323237719,0.17306807513508604
2022-03-10 04:47:00+00:00,0.07041687203195313,0.23755175200231848,3.1146276771813763,-0.05621009323237719,0.17306807513508604
2022-03-10 05:47:00+00:00,-0.05093682502324004,0.3462876198861431,3.1146276771813763,-0.05621009323237719,0.17306807513508604
2022-03-10 06:47:00+00:00,0.029439895131744276,0.10974734986834989,3.1146276771813763,-0.05621009323237719,0.17306807513508604
2022-03-10 07:47:00+00:00,0.010614404035869107,0.18309443884272358,3.1146276771813763,-0.05621009323237719,0.17306807513508604
2022-03-10 08:47:00+00:00,0.017572761611373,0.1523542632247965,3.1146276771813763,-0.05621009323237719,0.17306807513508604
2022-03-10 09:47:00+00:00,-0.007422849250593444,0.17160921373353677,3.1146276771813763,-0.05621009323237719,0.17306807513508604
2022-03-10 10:47:00+00:00,-0.0763667519696476,0.18142873100374102,3.1146276771813763,-0.05621009323237719,0.17306807513508604
2022-03-10 11:47:00+00:00,0.03210647638265396,0.23442810925978774,3.1146276771813763,-0.05621009323237719,0.17306807513508604
2022-03-10 21:58:00+00:00,0.012720248062614292,0.29391700946649335,3.1146276771813763,-0.05621009323237719,0.17306807513508604
2022-03-10 22:58:00+00:00,0.0507059230045348,0.13500789685187975,3.1146276771813763,-0.05621009323237719,0.17306807513508604
2022-03-10 23:58:00+00:00,-0.013425849452963767,0.1851038959108986,3.1146276771813763,-0.05621009323237719,0.17306807513508604
2022-03-11 00:58:00+00:00,0.05553192718753541,0.3691149562288665,3.1146276771813763,-0.05621009323237719,0.17306807513508604
2022-03-11 01:58:00+00:00,0.045847561242962076,0.4264799851175227,3.1146276771813763,-0.05621009323237719,0.17306807513508604
2022-03-11 02:58:00+00:00,0.18782141278983477,0.18782141278983477,3.1146276771813763,-0.05621009323237719,0.17306807513508604
2022-03-11 03:58:00+00:00,0.007146703768479146,0.18335193347887024,3.1146276771813763,-0.05621009323237719,0.17306807513508604
2022-03-11 04:58:00+00:00,0.06046674212045744,0.19738650444076633,3.1146276771813763,-0.05621009323237719,0.17306807513508604
2022-03-11 05:58:00+00:00,-0.08125948546608974,0.1680739565351974,3.1146276771813763,-0.05621009323237719,0.17306807513508604
2022-03-11 06:58:00+00:00,-0.13851420743309362,0.18404872992656696,3.1146276771813763,-0.05621009323237719,0.17306807513508604
2022-03-11 07:58:00+00:00,0.04127479468365447,0.1572129475456152,3.1146276771813763,-0.05621009323237719,0.17306807513508604
2022-03-11 08:58:00+00:00,-0.08550935362114931,0.10703878853505211,3.1146276771813763,-0.05621009323237719,0.17306807513508604
2022-03-11 09:58:00+00:00,-0.005652909273123896,0.12727259237045319,3.1146276771813763,-0.05621009323237719,0.17306807513508604
2022-03-11 10:58:00+00:00,0.008817367904012663,0.4710421203259929,3.1146276771813763,-0.05621009323237719,0.17306807513508604
2022-03-11 11:58:00+00:00,-0.04760136195178788,0.2915964889162903,3.1146276771813763,-0.05621009323237719,0.17306807513508604
2022-03-11 12:58:00+00:00,-0.057386801166781076,0.4087185839983354,3.1146276771813763,-0.05621009323237719,0.17306807513508604
2022-03-11 13:58:00+00:00,-0.10045143589982874,0.4462868338217185,3.1146276771813763,-0.05621009323237719,0.17306807513508604
2022-03-11 14:58:00+00:00,-0.05977270661925438,0.22132700592973897,3.1146276771813763,-0.05621009323237719,0.17306807513508604
2022-03-11 15:58:00+00:00,-0.05394653152777096,0.38358388253580955,3.1146276771813763,-0.05621009323237719,0.17306807513508604
2022-03-11 16:58:00+00:00,0.09870785624239709,0.12072526503998926,3.1146276771813763,-0.05621009323237719,0.17306807513508604
2022-03-11 17:58:00+00:00,0.026315627379236428,0.17054538604494018,3.1146276771813763,-0.05621009323237719,0.17306807513508604
2022-03-11 18:58:00+00:00,0.0510683291400138,0.13673755546406152,3.1146276771813763,-0.05621009323237719,0.17306807513508604
2022-03-11 19:58:00+00:00,0.0024736832758720517,0.32886362401380875,3.1146276771813763,-0.05621009323237719,0.17306807513508604
2022-03-11 20:58:00+00:00,-0.06844883024625936,0.11875491370416658,3.1146276771813763,-0.05621009323237719,0.17306807513508604
2022-03-11 21:58:00+00:00,-0.006241225165259934,0.09439097065280233,3.1146276771813763,-0.05621009323237719,0.17306807513508604
2022-03-11 22:58:00+00:00,0.1411418617461635,0.1411418617461635,3.1146276771813763,-0.05621009323237719,0.17306807513508604
2022-03-11 23:58:00+00:00,0.012046988354141863,0.14991993488868705,3.1146276771813763,-0.05621009323237719,0.17306807513508604
2022-03-12 00:58:00+00:00,-0.05768409748445613,0.12440778697202504,3.1146276771813763,-0.05621009323237719,0.17306807513508604
2022-03-12 01:58:00+00:00,0.030277897025465794,0.11662180669851363,3.1146276771813763,-0.05621009323237719,0.17306807513508604
2022-03-12 02:58:00+00:00,-0.011267353078325826,0.09091645193317621,3.1146276771813763,-0.05621009323237719,0.17306807513508604
2022-03-12 03:58:00+00:00,-0.001788706936811657,0.1284759287973669,3.1146276771813763,-0.05621009323237719,0.17306807513508604
2022-03-12 04:59:00+00:00,-0.014702808756883456,0.06961366327140617,3.1146276771813763,-0.05621009323237719,0.17306807513508604
2022-03-12 05:59:00+00:00,0.008720437675691084,0.12511543981857942,3.1146276771813763,-0.05621009323237719,0.17306807513508604
2022-03-12 06:59:00+00:00,0.007105286341169137,0.24246729355612562,3.1146276771813763,-0.05621009323237719,0.17306807513508604
2022-03-12 07:59:00+00:00,-0.025860123688037362,0.13886370663498404,3.1146276771813763,-0.05621009323237719,0.17306807513508604
2022-03-12 08:59:00+00:00,0.02827286389595063,0.05556023225096185,3.1146276771813763,-0.05621009323237719,0.17306807513508604
2022-03-12 09:59:00+00:00,0.023306854485616313,0.22594552792988276,3.1146276771813763,-0.05621009323237719,0.17306807513508604
2022-03-12 10:59:00+00:00,-0.017668443672058665,0.13242578559198304,3.1146276771813763,-0.05621009323237719,0.17306807513508604
2022-03-12 11:59:00+00:00,-0.002735275067755616,0.06516428768021942,3.1146276771813763,-0.05621009323237719,0.17306807513508604
2022-03-12 12:59:00+00:00,0.014987797744969722,0.11303147645899125,3.1146276771813763,-0.05621009323237719,0.17306807513508604
2022-03-12 13:59:00+00:00,0.015276285479914886,0.3636345399357199,3.1146276771813763,-0.05621009323237719,0.17306807513508604
2022-03-12 14:59:00+00:00,-0.01128905224450083,0.07891337028561596,3.1146276771813763,-0.05621009323237719,0.17306807513508604
2022-03-12 15:59:00+00:00,0.036984630933289964,0.08464004056406571,3.1146276771813763,-0.05621009323237719,0.17306807513508604
2022-03-12 16:59:00+00:00,-0.06296500968900887,0.1641622102330209,3.1146276771813763,-0.05621009323237719,0.17306807513508604
2022-03-12 17:59:00+00:00,-0.01184162758207652,0.11522387735819484,3.1146276771813763,-0.05621009323237719,0.17306807513508604
2022-03-12 18:59:00+00:00,0.005369440097990896,0.11608568803036512,3.1146276771813763,-0.05621009323237719,0.17306807513508604
2022-03-12 19:59:00+00:00,0.0023794286025280442,0.05595722910103351,3.1146276771813763,-0.05621009323237719,0.17306807513508604
2022-03-12 20:59:00+00:00,-0.003357769199774374,0.05658650343522975,3.1146276771813763,-0.05621009323237719,0.17306807513508604
2022-03-12 21:59:00+00:00,-0.002365873599652346,0.07333350290346097,3.1146276771813763,-0.05621009323237719,0.17306807513508604
2022-03-12 22:59:00+00:00,0.003978541522975387,0.0724555636647306,3.1146276771813763,-0.05621009323237719,0.17306807513508604
2022-03-12 23:59:00+00:00,0.09390075456376934,0.15297571274790478,3.1146276771813763,-0.05621009323237719,0.17306807513508604
2022-03-13 00:59:00+00:00,-0.001561292592167085,0.11874188027265475,3.1146276771813763,-0.05621009323237719,0.17306807513508604
2022-03-13 01:59:00+00:00,-0.008899441745757741,0.06446621433379152,3.1146276771813763,-0.05621009323237719,0.17306807513508604
2022-03-13 02:59:00+00:00,-0.011701718213252832,0.14607566181896736,3.1146276771813763,-0.05621009323237719,0.17306807513508604
2022-03-13 03:59:00+00:00,-0.005681152215175622,0.13639851660254276,3.1146276771813763,-0.05621009323237719,0.17306807513508604
2022-03-13 04:59:00+00:00,0.002882224347444673,0.04355170355486715,3.1146276771813763,-0.05621009323237719,0.17306807513508604
2022-03-13 05:59:00+00:00,0.029181036380832026,0.06007983672854378,3.1146276771813763,-0.05621009323237719,0.17306807513508604
2022-03-13 06:59:00+00:00,0.017584197970121895,0.11994117155483819,3.1146276771813763,-0.05621009323237719,0.17306807513508604
2022-03-13 07:59:00+00:00,0.012652092712006624,0.0575172665872814,3.1146276771813763,-0.05621009323237719,0.17306807513508604
2022-03-13 08:59:00+00:00,-0.0031501970853220485,0.08742966170496302,3.1146276771813763,-0.05621009323237719,0.17306807513508604
2022-03-13 09:59:00+00:00,-0.026724240867115334,0.06711111020313298,3.1146276771813763,-0.05621009323237719,0.17306807513508604
2022-03-13 10:59:00+00:00,0.004523050885774094,0.21126908418045431,3.1146276771813763,-0.05621009323237719,0.17306807513508604
2022-03-13 11:59:00+00:00,-0.024101805917986496,0.19007839386522285,3.1146276771813763,-0.05621009323237719,0.17306807513508604
2022-03-13 12:59:00+00:00,0.014714447437025324,0.15062666618913534,3.1146276771813763,-0.05621009323237719,0.17306807513508604
2022-03-13 13:59:00+00:00,-0.02850552034996401,0.06406089603979703,3.1146276771813763,-0.05621009323237719,0.17306807513508604
2022-03-13 14:59:00+00:00,0.0484833849207722,0.09329434915992252,3.1146276771813763,-0.05621009323237719,0.17306807513508604
2022-03-13 15:59:00+00:00,0.018155882152048886,0.10912809241632182,3.1146276771813763,-0.05621009323237719,0.17306807513508604
2022-03-13 16:59:00+00:00,0.03482737193848395,0.07982317279844331,3.1146276771813763,-0.05621009323237719,0.17306807513508604
2022-03-13 17:59:00+00:00,0.010083719197728769,0.05324761626982477,3.1146276771813763,-0.05621009323237719,0.17306807513508604
2022-03-13 18:59:00+00:00,0.01984357038737894,0.08477148025310965,3.1146276771813763,-0.05621009323237719,0.17306807513508604
2022-03-13 19:59:00+00:00,-0.009169147900256469,0.20897499427888766,3.1146276771813763,-0.05621009323237719,0.17306807513508604
2022-03-13 20:59:00+00:00,-0.050025440544243516,0.09606115078808486,3.1146276771813763,-0.05621009323237719,0.17306807513508604
2022-03-13 21:59:00+00:00,0.02514978339128726,0.8388240952292403,3.1146276771813763,-0.05621009323237719,0.17306807513508604
2022-03-13 22:59:00+00:00,-0.11561887064837073,0.18296340596972716,3.1146276771813763,-0.05621009323237719,0.17306807513508604
2022-03-13 23:59:00+00:00,0.0322339011276318,0.1702724962032831,3.1146276771813763,-0.05621009323237719,0.17306807513508604
2022-03-14 00:59:00+00:00,-0.030786532881976747,0.12553445363335802,3.1146276771813763,-0.05621009323237719,0.17306807513508604
2022-03-14 01:59:00+00:00,0.07959938849289028,0.09886335690643122,3.1146276771813763,-0.05621009323237719,0.17306807513508604
2022-03-14 02:59:00+00:00,0.020643299371359003,0.08877588299945893,3.1146276771813763,-0.05621009323237719,0.17306807513508604
2022-03-14 03:59:00+00:00,-0.046781806402251824,0.2990253800859932,3.1146276771813763,-0.05621009323237719,0.17306807513508604
2022-03-14 04:59:00+00:00,-0.04438565232156577,0.09755019617087024,3.1146276771813763,-0.05621009323237719,0.17306807513508604
2022-03-14 05:59:00+00:00,0.0021201021663141972,0.18296229796049834,3.1146276771813763,-0.05621009323237719,0.17306807513508604
2022-03-14 06:59:00+00:00,0.00806786615208388,0.20683829640451012,3.1146276771813763,-0.05621009323237719,0.17306807513508604
2022-03-14 07:59:00+00:00,0.16578073858364295,0.20487197462539797,3.1146276771813763,-0.05621009323237719,0.17306807513508604
2022-03-14 08:59:00+00:00,0.012552562617007545,0.18311891464675156,3.1146276771813763,-0.05621009323237719,0.17306807513508604
2022-03-14 09:59:00+00:00,0.046973844049791325,0.09269128922577696,3.1146276771813763,-0.05621009323237719,0.17306807513508604
2022-03-14 10:59:00+00:00,0.0003463740296694162,0.21829151816138426,3.1146276771813763,-0.05621009323237719,0.17306807513508604
2022-03-14 11:59:00+00:00,0.04356681831277909,0.13376805727095542,3.1146276771813763,-0.05621009323237719,0.17306807513508604
2022-03-14 12:59:00+00:00,-0.009850989009785316,0.23232691594796684,3.1146276771813763,-0.05621009323237719,0.17306807513508604
2022-03-14 13:59:00+00:00,-0.10520892331780107,0.19934900775256947,3.1146276771813763,-0.05621009323237719,0.17306807513508604
2022-03-14 14:59:00+00:00,-0.07124582965645221,0.11929300789259578,3.1146276771813763,-0.05621009323237719,0.17306807513508604
2022-03-14 15:59:00+00:00,-0.03536023900643226,0.11376742547215546,3.1146276771813763,-0.05621009323237719,0.17306807513508604
2022-03-14 16:59:00+00:00,0.030655540916701973,0.15542206979027862,3.1146276771813763,-0.05621009323237719,0.17306807513508604
2022-03-14 17:59:00+00:00,0.029973395403326553,0.1561678139263778,3.1146276771813763,-0.05621009323237719,0.17306807513508604
2022-03-14 18:59:00+00:00,-0.07634798094002804,0.12108245459577782,3.1146276771813763,-0.05621009323237719,0.17306807513508604
2022-03-14 19:59:00+00:00,-0.020329354251336085,0.15703526764077047,3.1146276771813763,-0.05621009323237719,0.17306807513508604
2022-03-14 20:59:00+00:00,-0.0276819468075562,0.10495134172365805,3.1146276771813763,-0.05621009323237719,0.17306807513508604
2022-03-14 21:59:00+00:00,0.018069285517041678,0.43514314711049495,3.1146276771813763,-0.05621009323237719,0.17306807513508604
2022-03-14 22:59:00+00:00,0.04794151586838824,0.1384510343907297,3.1146276771813763,-0.05621009323237719,0.17306807513508604
2022-03-14 23:59:00+00:00,0.029991378969185245,0.34645537794426584,3.1146276771813763,-0.05621009323237719,0.17306807513508604
2022-03-15 00:59:00+00:00,-0.014403675851282216,0.2822819916718511,3.1146276771813763,-0.05621009323237719,0.17306807513508604
2022-03-15 01:59:00+00:00,-0.031798466262977776,0.11545434360760165,3.1146276771813763,-0.05621009323237719,0.17306807513508604
2022-03-15 02:59:00+00:00,-0.004258187095684818,0.2690637602429491,3.1146276771813763,-0.05621009323237719,0.17306807513508604
2022-03-15 03:59:00+00:00,-0.015235889334941355,0.11436762934687872,3.1146276771813763,-0.05621009323237719,0.17306807513508604
2022-03-15 04:59:00+00:00,-0.046922766253665316,0.0988264593485444,3.1146276771813763,-0.05621009323237719,0.17306807513508604
2022-03-15 05:59:00+00:00,0.019734480969457735,0.06543061672875661,3.1146276771813763,-0.05621009323237719,0.17306807513508604
2022-03-15 06:59:00+00:00,0.0337121621385883,0.6389941806579924,3.1146276771813763,-0.05621009323237719,0.17306807513508604
2022-03-15 07:59:00+00:00,-0.05380056223833751,0.1269780061428416,3.1146276771813763,-0.05621009323237719,0.17306807513508604
2022-03-15 08:59:00+00:00,-0.010045606700082033,0.10887554827416768,3.1146276771813763,-0.05621009323237719,0.17306807513508604
2022-03-15 09:59:00+00:00,-0.0022531459192842718,0.1577134403973557,3.1146276771813763,-0.05621009323237719,0.17306807513508604
2022-03-15 10:59:00+00:00,0.019577316772356745,0.06920866266438841,3.1146276771813763,-0.05621009323237719,0.17306807513508604
2022-03-15 11:59:00+00:00,-0.0010882149710012001,0.07862273441534562,3.1146276771813763,-0.05621009323237719,0.17306807513508604
2022-03-15 12:59:00+00:00,-0.011605361286060045,0.2744937410664616,3.1146276771813763,-0.05621009323237719,0.17306807513508604
2022-03-15 13:59:00+00:00,-0.0740233940257573,0.22729997531738544,3.1146276771813763,-0.05621009323237719,0.17306807513508604
2022-03-15 14:59:00+00:00,-0.024489753442358264,0.1841081056151994,3.1146276771813763,-0.05621009323237719,0.17306807513508604
2022-03-15 15:59:00+00:00,-0.03888545072097127,0.11630779928554213,3.1146276771813763,-0.05621009323237719,0.17306807513508604
2022-03-15 16:59:00+00:00,0.02643429271962372,0.08719024422941812,3.1146276771813763,-0.05621009323237719,0.17306807513508604
2022-03-15 17:59:00+00:00,-0.008655414675340367,0.1345011389363604,3.1146276771813763,-0.05621009323237719,0.17306807513508604
2022-03-15 18:59:00+00:00,-0.2418323706268044,0.14943183815006034,3.1146276771813763,-0.05621009323237719,0.17306807513508604
2022-03-15 19:59:00+00:00,-0.08458770878110311,0.18550153912366696,3.1146276771813763,-0.05621009323237719,0.17306807513508604
2022-03-15 20:59:00+00:00,-0.07185671106406666,0.16314363316620728,3.1146276771813763,-0.05621009323237719,0.17306807513508604
2022-03-15 21:59:00+00:00,-0.03253974191652631,0.14002859232434828,3.1146276771813763,-0.05621009323237719,0.17306807513508604
2022-03-15 22:59:00+00:00,0.03480628669967345,0.18812719937877365,3.1146276771813763,-0.05621009323237719,0.17306807513508604
2022-03-15 23:59:00+00:00,0.041318141002999464,0.15061220100599515,3.1146276771813763,-0.05621009323237719,0.17306807513508604
2022-03-16 00:59:00+00:00,-0.03320413645895304,0.13949277612871347,3.1146276771813763,-0.05621009323237719,0.17306807513508604
2022-03-16 01:59:00+00:00,-0.1289734252162722,0.29912810213766905,3.1146276771813763,-0.05621009323237719,0.17306807513508604
2022-03-16 02:59:00+00:00,-0.05974803319270805,2.1403594242441426,3.1146276771813763,-0.05621009323237719,0.17306807513508604
2022-03-16 03:59:00+00:00,-0.007380153161662406,0.2076213452284592,3.1146276771813763,-0.05621009323237719,0.17306807513508604
2022-03-16 04:59:00+00:00,0.019787306530727466,0.16662633765224255,3.1146276771813763,-0.05621009323237719,0.17306807513508604
2022-03-16 05:59:00+00:00,-0.01567641833237765,0.1827137683139246,3.1146276771813763,-0.05621009323237719,0.17306807513508604
2022-03-16 06:59:00+00:00,-0.05340769590893579,0.1493373133219622,3.1146276771813763,-0.05621009323237719,0.17306807513508604
2022-03-16 07:59:00+00:00,-0.007680763694395409,0.6286731539843715,3.1146276771813763,-0.05621009323237719,0.17306807513508604
2022-03-16 08:59:00+00:00,0.10714738634284293,0.2625613993849085,3.1146276771813763,-0.05621009323237719,0.17306807513508604
2022-03-16 09:59:00+00:00,0.017367962509196033,0.11198382950220465,3.1146276771813763,-0.05621009323237719,0.17306807513508604
2022-03-16 10:59:00+00:00,0.010364487585479143,0.23110389350380345,3.1146276771813763,-0.05621009323237719,0.17306807513508604
2022-03-16 11:59:00+00:00,0.05730902691489792,0.12066911804401448,3.1146276771813763,-0.05621009323237719,0.17306807513508604
2022-03-16 12:59:00+00:00,0.031850023792046045,0.22793661937483556,3.1146276771813763,-0.05621009323237719,0.17306807513508604
2022-03-16 13:59:00+00:00,0.020783019591719132,0.42422079155823855,3.1146276771813763,-0.05621009323237719,0.17306807513508604
2022-03-16 14:59:00+00:00,-0.060261122209670503,0.1486317433184392,3.1146276771813763,-0.05621009323237719,0.17306807513508604
2022-03-16 15:59:00+00:00,0.08006714147075211,0.5372830881353541,3.1146276771813763,-0.05621009323237719,0.17306807513508604
2022-03-16 16:59:00+00:00,-0.0614905736148641,0.2681150578287772,3.1146276771813763,-0.05621009323237719,0.17306807513508604
2022-03-16 17:59:00+00:00,-0.18430367038559936,1.0310716054906521,3.1146276771813763,-0.05621009323237719,0.17306807513508604
2022-03-16 18:59:00+00:00,0.08275797132396567,0.3163035561549843,3.1146276771813763,-0.05621009323237719,0.17306807513508604
2022-03-16 19:59:00+00:00,-0.12807978277653564,0.387195691586395,3.1146276771813763,-0.05621009323237719,0.17306807513508604
2022-03-16 20:59:00+00:00,0.00570726639766983,0.14649432027104003,3.1146276771813763,-0.05621009323237719,0.17306807513508604
2022-03-16 21:59:00+00:00,0.008163140459904739,0.1122228159005978,3.1146276771813763,-0.05621009323237719,0.17306807513508604
2022-03-16 22:59:00+00:00,0.030104056350743758,0.11759626981771021,3.1146276771813763,-0.05621009323237719,0.17306807513508604
2022-03-16 23:59:00+00:00,-0.0019437801569432978,0.17883667530341762,3.1146276771813763,-0.05621009323237719,0.17306807513508604
2022-03-17 00:59:00+00:00,-0.0631406978381932,0.22742648350300154,3.1146276771813763,-0.05621009323237719,0.17306807513508604
2022-03-17 01:59:00+00:00,-0.09978796765011122,0.13282823851522574,3.1146276771813763,-0.05621009323237719,0.17306807513508604
2022-03-17 02:59:00+00:00,-0.027300539072294683,0.11981216735265088,3.1146276771813763,-0.05621009323237719,0.17306807513508604
2022-03-17 03:59:00+00:00,0.06124740966378939,0.11838945611615248,3.1146276771813763,-0.05621009323237719,0.17306807513508604
2022-03-17 04:59:00+00:00,0.005045947666837414,0.34956221680606525,3.1146276771813763,-0.05621009323237719,0.17306807513508604
2022-03-17 05:59:00+00:00,0.007449844632789748,0.22364886784964622,3.1146276771813763,-0.05621009323237719,0.17306807513508604
2022-03-17 06:59:00+00:00,-0.005546350793927957,0.16034946329196442,3.1146276771813763,-0.05621009323237719,0.17306807513508604
2022-03-17 07:59:00+00:00,-0.004359545430854261,0.09729984856027274,3.1146276771813763,-0.05621009323237719,0.17306807513508604
2022-03-17 08:59:00+00:00,0.02106234150367481,0.12923781793038325,3.1146276771813763,-0.05621009323237719,0.17306807513508604
2022-03-17 09:59:00+00:00,-0.015761325902596823,0.2502339418833377,3.1146276771813763,-0.05621009323237719,0.17306807513508604
2022-03-17 10:59:00+00:00,-0.06079417513471519,0.08288043098311215,3.1146276771813763,-0.05621009323237719,0.17306807513508604
2022-03-17 11:59:00+00:00,0.012083355443515131,0.2399557321087764,3.1146276771813763,-0.05621009323237719,0.17306807513508604
2022-03-17 12:59:00+00:00,-0.06155598411128338,0.19928713804789888,3.1146276771813763,-0.05621009323237719,0.17306807513508604
2022-03-17 13:59:00+00:00,-0.2218640338881528,0.12336692153736006,3.1146276771813763,-0.05621009323237719,0.17306807513508604
2022-03-17 14:59:00+00:00,0.01807640596964699,0.10053496823188013,3.1146276771813763,-0.05621009323237719,0.17306807513508604
2022-03-17 15:59:00+00:00,0.05670290308694703,0.16991501604671777,3.1146276771813763,-0.05621009323237719,0.17306807513508604
2022-03-17 16:59:00+00:00,-0.0430377670937121,0.1281872117528282,3.1146276771813763,-0.05621009323237719,0.17306807513508604
2022-03-17 17:59:00+00:00,0.06135894660193042,0.06135894660193042,3.1146276771813763,-0.05621009323237719,0.17306807513508604
2022-03-17 18:59:00+00:00,-0.029214980285963144,0.13612979469003195,3.1146276771813763,-0.05621009323237719,0.17306807513508604
2022-03-17 19:59:00+00:00,-0.08419942587323259,0.11885292613901255,3.1146276771813763,-0.05621009323237719,0.17306807513508604
2022-03-17 20:59:00+00:00,-0.021840097026659677,0.07173673567799632,3.1146276771813763,-0.05621009323237719,0.17306807513508604
2022-03-17 21:59:00+00:00,-0.12161725867370077,0.11039905037809605,3.1146276771813763,-0.05621009323237719,0.17306807513508604
2022-03-17 22:59:00+00:00,-0.01768834574218392,0.08164973696980216,3.1146276771813763,-0.05621009323237719,0.17306807513508604
2022-03-17 23:59:00+00:00,0.06999104438584203,0.5182846958280529,3.1146276771813763,-0.05621009323237719,0.17306807513508604
2022-03-18 00:59:00+00:00,0.21925132697528937,0.21925132697528937,3.1146276771813763,-0.05621009323237719,0.17306807513508604
2022-03-18 01:59:00+00:00,0.003111908445219136,0.0678626955142203,3.1146276771813763,-0.05621009323237719,0.17306807513508604
2022-03-18 02:59:00+00:00,-0.004559097977696602,0.09370169822356944,3.1146276771813763,-0.05621009323237719,0.17306807513508604
2022-03-18 03:59:00+00:00,0.04831106246833139,0.07473378738014347,3.1146276771813763,-0.05621009323237719,0.17306807513508604
2022-03-18 04:59:00+00:00,0.012307472264616592,0.15186058641120104,3.1146276771813763,-0.05621009323237719,0.17306807513508604
2022-03-18 05:59:00+00:00,-0.005084468366045591,0.05516270591655603,3.1146276771813763,-0.05621009323237719,0.17306807513508604
2022-03-18 06:59:00+00:00,-0.013596463808385195,0.06619196860566667,3.1146276771813763,-0.05621009323237719,0.17306807513508604
2022-03-18 07:59:00+00:00,-0.02422803804955631,0.17802805974626024,3.1146276771813763,-0.05621009323237719,0.17306807513508604
2022-03-18 08:59:00+00:00,-0.007466568727432232,0.06726189203940525,3.1146276771813763,-0.05621009323237719,0.17306807513508604
2022-03-18 09:59:00+00:00,-0.013911359824403391,0.16446386435331473,3.1146276771813763,-0.05621009323237719,0.17306807513508604
2022-03-18 10:59:00+00:00,0.0015048403663397991,0.13400205911359153,3.1146276771813763,-0.05621009323237719,0.17306807513508604
2022-03-18 11:59:00+00:00,0.0447393572057031,0.09962843531952092,3.1146276771813763,-0.05621009323237719,0.17306807513508604
2022-03-18 12:59:00+00:00,-0.00972877365772451,0.17885873008748332,3.1146276771813763,-0.05621009323237719,0.17306807513508604
2022-03-18 13:59:00+00:00,-0.0658122863759214,0.1471302794002205,3.1146276771813763,-0.05621009323237719,0.17306807513508604
2022-03-18 14:59:00+00:00,-0.02121094279607938,0.24159252160770306,3.1146276771813763,-0.05621009323237719,0.17306807513508604
2022-03-18 15:59:00+00:00,-0.05917648543738441,0.1942288850840801,3.1146276771813763,-0.05621009323237719,0.17306807513508604
2022-03-18 16:59:00+00:00,0.022018459575512406,0.2356540594055323,3.1146276771813763,-0.05621009323237719,0.17306807513508604
2022-03-18 17:59:00+00:00,0.0019605680995682384,0.11729858584037522,3.1146276771813763,-0.05621009323237719,0.17306807513508604
2022-03-18 18:59:00+00:00,-0.029106033488091043,0.10874821622069986,3.1146276771813763,-0.05621009323237719,0.17306807513508604
2022-03-18 19:59:00+00:00,-0.12969266781424071,0.24981645876984704,3.1146276771813763,-0.05621009323237719,0.17306807513508604
2022-03-18 20:59:00+00:00,0.057682006189707646,0.18748271117354776,3.1146276771813763,-0.05621009323237719,0.17306807513508604
2022-03-18 21:59:00+00:00,-0.010553761088094582,0.12005194664902463,3.1146276771813763,-0.05621009323237719,0.17306807513508604
2022-03-18 22:59:00+00:00,0.08597238059623313,0.08597238059623313,3.1146276771813763,-0.05621009323237719,0.17306807513508604
2022-03-18 23:59:00+00:00,0.0601666767225395,0.12457819559594796,3.1146276771813763,-0.05621009323237719,0.17306807513508604
2022-03-19 00:59:00+00:00,0.022246539296466583,0.13335684817580296,3.1146276771813763,-0.05621009323237719,0.17306807513508604
2022-03-19 01:59:00+00:00,0.03958261629964932,0.045150025177764785,3.1146276771813763,-0.05621009323237719,0.17306807513508604
2022-03-19 02:59:00+00:00,-0.016501350944109205,0.19424242555600157,3.1146276771813763,-0.05621009323237719,0.17306807513508604
2022-03-19 03:59:00+00:00,-0.027594905058325736,0.1121774198116321,3.1146276771813763,-0.05621009323237719,0.17306807513508604
2022-03-19 04:59:00+00:00,-0.014292273494076468,0.06942292264425776,3.1146276771813763,-0.05621009323237719,0.17306807513508604
2022-03-19 05:59:00+00:00,-0.0017254851665926552,0.05392182275820723,3.1146276771813763,-0.05621009323237719,0.17306807513508604
2022-03-19 06:59:00+00:00,-0.008964813412548622,0.14384268255400734,3.1146276771813763,-0.05621009323237719,0.17306807513508604
2022-03-19 07:59:00+00:00,-0.015013049152834412,0.061577380169064444,3.1146276771813763,-0.05621009323237719,0.17306807513508604
2022-03-19 08:59:00+00:00,-0.030278782427095585,0.06579425886580337,3.1146276771813763,-0.05621009323237719,0.17306807513508604
2022-03-19 09:59:00+00:00,-0.004850967455394262,0.07389992438580073,3.1146276771813763,-0.05621009323237719,0.17306807513508604
2022-03-19 10:59:00+00:00,0.0005291034394172556,0.0543883052905314,3.1146276771813763,-0.05621009323237719,0.17306807513508604
2022-03-19 11:59:00+00:00,-0.032521076820568595,0.049915613914308654,3.1146276771813763,-0.05621009323237719,0.17306807513508604
2022-03-19 12:59:00+00:00,-0.06040124555322102,0.09197108471455939,3.1146276771813763,-0.05621009323237719,0.17306807513508604
2022-03-19 13:59:00+00:00,0.01993628443831552,0.08979023599050562,3.1146276771813763,-0.05621009323237719,0.17306807513508604
2022-03-19 14:59:00+00:00,-0.011446697759120994,0.17066012492165106,3.1146276771813763,-0.05621009323237719,0.17306807513508604
2022-03-19 15:59:00+00:00,0.002461364254213727,0.13583606890964495,3.1146276771813763,-0.05621009323237719,0.17306807513508604
2022-03-19 16:59:00+00:00,0.007890821462552822,0.08374296913390422,3.1146276771813763,-0.05621009323237719,0.17306807513508604
2022-03-19 17:59:00+00:00,0.03741873442345556,0.06832108732446329,3.1146276771813763,-0.05621009323237719,0.17306807513508604
2022-03-19 18:59:00+00:00,-0.008620382972202023,0.10000432727150788,3.1146276771813763,-0.05621009323237719,0.17306807513508604
2022-03-19 19:59:00+00:00,0.029910487780837602,0.12645485272091417,3.1146276771813763,-0.05621009323237719,0.17306807513508604
2022-03-19 20:59:00+00:00,0.04822412502875073,0.11604557938564852,3.1146276771813763,-0.05621009323237719,0.17306807513508604
2022-03-19 21:59:00+00:00,-0.018873803926600097,0.20622948013402365,3.1146276771813763,-0.05621009323237719,0.17306807513508604
2022-03-19 22:59:00+00:00,0.0015651211059508618,0.10697534926815688,3.1146276771813763,-0.05621009323237719,0.17306807513508604
2022-03-19 23:59:00+00:00,0.010773091105231725,0.17224427756378224,3.1146276771813763,-0.05621009323237719,0.17306807513508604
2022-03-20 00:59:00+00:00,-0.03429486338157872,0.09553105512440929,3.1146276771813763,-0.05621009323237719,0.17306807513508604
2022-03-20 01:59:00+00:00,-0.022660902880655698,0.12135014427171464,3.1146276771813763,-0.05621009323237719,0.17306807513508604
2022-03-20 02:59:00+00:00,0.014145886988792267,0.08321972176413839,3.1146276771813763,-0.05621009323237719,0.17306807513508604
2022-03-20 03:59:00+00:00,0.0002643453306916399,0.11718968779410588,3.1146276771813763,-0.05621009323237719,0.17306807513508604
2022-03-20 04:59:00+00:00,0.015553378381916172,0.13383845853984777,3.1146276771813763,-0.05621009323237719,0.17306807513508604
2022-03-20 05:59:00+00:00,-0.011065071740645749,0.058256376551169,3.1146276771813763,-0.05621009323237719,0.17306807513508604
2022-03-20 06:59:00+00:00,0.017558489974867086,0.08103798916628824,3.1146276771813763,-0.05621009323237719,0.17306807513508604
2022-03-20 07:59:00+00:00,-0.011558612652318168,0.06024681839733592,3.1146276771813763,-0.05621009323237719,0.17306807513508604
2022-03-20 08:59:00+00:00,0.016594120167856552,0.11304258930471267,3.1146276771813763,-0.05621009323237719,0.17306807513508604
2022-03-20 09:59:00+00:00,-0.022736400558764913,0.09300509146108471,3.1146276771813763,-0.05621009323237719,0.17306807513508604
2022-03-20 10:59:00+00:00,0.0007186459691110869,0.14200735510655482,3.1146276771813763,-0.05621009323237719,0.17306807513508604
2022-03-20 11:59:00+00:00,0.040576427732996745,0.23201313599524598,3.1146276771813763,-0.05621009323237719,0.17306807513508604
2022-03-20 12:59:00+00:00,0.03181256489486195,0.09213308045148416,3.1146276771813763,-0.05621009323237719,0.17306807513508604
2022-03-20 13:59:00+00:00,0.012049426808902197,0.14565531238559526,3.1146276771813763,-0.05621009323237719,0.17306807513508604
2022-03-20 14:59:00+00:00,-0.04702371726905685,0.10602290706384077,3.1146276771813763,-0.05621009323237719,0.17306807513508604
2022-03-20 15:59:00+00:00,0.044099604226621736,0.13243409202555734,3.1146276771813763,-0.05621009323237719,0.17306807513508604
2022-03-20 16:59:00+00:00,-0.06807113349811544,0.15848554506406876,3.1146276771813763,-0.05621009323237719,0.17306807513508604
2022-03-20 17:59:00+00:00,-0.06879666965962095,0.09117414269393942,3.1146276771813763,-0.05621009323237719,0.17306807513508604
2022-03-20 18:59:00+00:00,-0.05217317811210265,0.08652921919197754,3.1146276771813763,-0.05621009323237719,0.17306807513508604
2022-03-20 19:59:00+00:00,-0.04296831945294066,0.16283748978415113,3.1146276771813763,-0.05621009323237719,0.17306807513508604
2022-03-20 20:59:00+00:00,0.025089664625366215,0.15306418686564793,3.1146276771813763,-0.05621009323237719,0.17306807513508604
2022-03-20 21:59:00+00:00,0.030965606015287417,0.14451305161345962,3.1146276771813763,-0.05621009323237719,0.17306807513508604
2022-03-20 22:59:00+00:00,-0.047479818158979725,0.11968401526077921,3.1146276771813763,-0.05621009323237719,0.17306807513508604
2022-03-20 23:59:00+00:00,-0.04335584740573495,0.11739600358502411,3.1146276771813763,-0.05621009323237719,0.17306807513508604
2022-03-21 00:59:00+00:00,-0.037386240478931576,0.15903744047218726,3.1146276771813763,-0.05621009323237719,0.17306807513508604
2022-03-21 01:59:00+00:00,-0.040328511975928905,0.6928650427117766,3.1146276771813763,-0.05621009323237719,0.17306807513508604
2022-03-21 02:59:00+00:00,0.018819203215258984,0.13056255335933686,3.1146276771813763,-0.05621009323237719,0.17306807513508604
2022-03-21 03:59:00+00:00,0.04879368840439158,0.11327657741330155,3.1146276771813763,-0.05621009323237719,0.17306807513508604
2022-03-21 04:59:00+00:00,-0.01597443203242843,0.06496768980288614,3.1146276771813763,-0.05621009323237719,0.17306807513508604
2022-03-21 05:59:00+00:00,-0.004706130118492524,0.11662133861735091,3.1146276771813763,-0.05621009323237719,0.17306807513508604
2022-03-21 06:59:00+00:00,0.007713236933315493,0.08744585526088144,3.1146276771813763,-0.05621009323237719,0.17306807513508604
2022-03-21 07:59:00+00:00,0.012008326735191144,0.1316234979749642,3.1146276771813763,-0.05621009323237719,0.17306807513508604
2022-03-21 08:59:00+00:00,0.004223781037560048,0.08899683136673886,3.1146276771813763,-0.05621009323237719,0.17306807513508604
2022-03-21 09:59:00+00:00,-0.10681637330871574,0.10617090355260483,3.1146276771813763,-0.05621009323237719,0.17306807513508604
2022-03-21 10:59:00+00:00,0.048977450051235216,0.11896477422881357,3.1146276771813763,-0.05621009323237719,0.17306807513508604
2022-03-21 11:59:00+00:00,-0.05341537265768359,0.16490818531598173,3.1146276771813763,-0.05621009323237719,0.17306807513508604
2022-03-21 12:59:00+00:00,0.047035853559462826,0.2915211609840651,3.1146276771813763,-0.05621009323237719,0.17306807513508604
2022-03-21 13:59:00+00:00,0.12721837712483808,0.22817103507987158,3.1146276771813763,-0.05621009323237719,0.17306807513508604
2022-03-21 14:59:00+00:00,-0.06946638972364916,0.1119469591367328,3.1146276771813763,-0.05621009323237719,0.17306807513508604
2022-03-21 15:59:00+00:00,0.01182005645575801,0.23462142844410394,3.1146276771813763,-0.05621009323237719,0.17306807513508604
2022-03-21 16:59:00+00:00,0.03358818315760681,0.10547869728392278,3.1146276771813763,-0.05621009323237719,0.17306807513508604
2022-03-21 17:59:00+00:00,-0.005115105729358582,0.15285665630134782,3.1146276771813763,-0.05621009323237719,0.17306807513508604
2022-03-21 18:59:00+00:00,0.029027966222194834,0.0789737612282293,3.1146276771813763,-0.05621009323237719,0.17306807513508604
2022-03-21 19:59:00+00:00,-0.041542397362226424,0.06376925645741327,3.1146276771813763,-0.05621009323237719,0.17306807513508604
2022-03-21 20:59:00+00:00,0.07513589912121477,0.13745263909062944,3.1146276771813763,-0.05621009323237719,0.17306807513508604
2022-03-21 21:59:00+00:00,-0.0034233726099008877,0.07933270376935253,3.1146276771813763,-0.05621009323237719,0.17306807513508604
2022-03-21 22:59:00+00:00,0.0493405133372149,0.0698985626842119,3.1146276771813763,-0.05621009323237719,0.17306807513508604
2022-03-21 23:59:00+00:00,0.07461566510239548,0.10764700297258845,3.1146276771813763,-0.05621009323237719,0.17306807513508604
2022-03-22 00:59:00+00:00,0.004781652284757687,0.0873629122046693,3.1146276771813763,-0.05621009323237719,0.17306807513508604
2022-03-22 01:59:00+00:00,-0.017080406964264938,0.4607099481586441,3.1146276771813763,-0.05621009323237719,0.17306807513508604
2022-03-22 02:59:00+00:00,0.0738307882258038,0.2067463365103661,3.1146276771813763,-0.05621009323237719,0.17306807513508604
2022-03-22 03:59:00+00:00,-0.03589355344040257,0.15954530979339632,3.1146276771813763,-0.05621009323237719,0.17306807513508604
2022-03-22 04:59:00+00:00,0.021886629015677173,0.1168170559510906,3.1146276771813763,-0.05621009323237719,0.17306807513508604
2022-03-22 05:59:00+00:00,0.04527138712339118,0.5222751701579709,3.1146276771813763,-0.05621009323237719,0.17306807513508604
2022-03-22 06:59:00+00:00,-0.0632898755854372,0.12485303675436876,3.1146276771813763,-0.05621009323237719,0.17306807513508604
2022-03-22 07:59:00+00:00,-0.0003674968539923995,0.19450325902827803,3.1146276771813763,-0.05621009323237719,0.17306807513508604
2022-03-22 08:59:00+00:00,-0.04288799375917751,0.11248535587291553,3.1146276771813763,-0.05621009323237719,0.17306807513508604
2022-03-22 09:59:00+00:00,0.014724859710135707,0.08570746832369247,3.1146276771813763,-0.05621009323237719,0.17306807513508604
2022-03-22 10:59:00+00:00,-0.018532045316099754,0.15451847357068615,3.1146276771813763,-0.05621009323237719,0.17306807513508604
2022-03-22 11:59:00+00:00,-0.058389623110843836,0.15765907148381775,3.1146276771813763,-0.05621009323237719,0.17306807513508604
2022-03-22 12:59:00+00:00,0.0073717280352103565,0.2379375727974864,3.1146276771813763,-0.05621009323237719,0.17306807513508604
2022-03-22 13:59:00+00:00,-0.056144331901419875,0.29707179424978136,3.1146276771813763,-0.05621009323237719,0.17306807513508604
2022-03-22 14:59:00+00:00,-0.01161148902826259,0.08981720479357413,3.1146276771813763,-0.05621009323237719,0.17306807513508604
2022-03-22 15:59:00+00:00,0.0650348363808062,0.15601931649080747,3.1146276771813763,-0.05621009323237719,0.17306807513508604
2022-03-22 16:59:00+00:00,0.00531562556523868,0.09269393526273317,3.1146276771813763,-0.05621009323237719,0.17306807513508604
2022-03-22 17:59:00+00:00,-0.025385736432403938,0.09960266062348788,3.1146276771813763,-0.05621009323237719,0.17306807513508604
2022-03-22 18:59:00+00:00,0.003253952127812987,0.29745085584426123,3.1146276771813763,-0.05621009323237719,0.17306807513508604
2022-03-22 19:59:00+00:00,0.034929900993585505,0.05668521570318941,3.1146276771813763,-0.05621009323237719,0.17306807513508604
2022-03-22 20:59:00+00:00,-0.004544678253370904,0.11696776382336127,3.1146276771813763,-0.05621009323237719,0.17306807513508604
2022-03-22 21:59:00+00:00,-0.07361662268512426,0.187129112881812,3.1146276771813763,-0.05621009323237719,0.17306807513508604
2022-03-22 22:59:00+00:00,-0.018916529184331843,0.11609819451336989,3.1146276771813763,-0.05621009323237719,0.17306807513508604
2022-03-22 23:59:00+00:00,0.0018103246088196912,0.0764242627779077,3.1146276771813763,-0.05621009323237719,0.17306807513508604
2022-03-23 00:59:00+00:00,-0.004420811246896861,0.3280682241984745,3.1146276771813763,-0.05621009323237719,0.17306807513508604
2022-03-23 01:59:00+00:00,0.07074870124533783,0.08264016970014332,3.1146276771813763,-0.05621009323237719,0.17306807513508604
2022-03-23 02:59:00+00:00,0.02481912647445128,0.10417602567417417,3.1146276771813763,-0.05621009323237719,0.17306807513508604
2022-03-23 03:59:00+00:00,0.01141481648961884,0.21562017559053626,3.1146276771813763,-0.05621009323237719,0.17306807513508604
2022-03-23 04:59:00+00:00,0.004636375741728926,0.11068380821539492,3.1146276771813763,-0.05621009323237719,0.17306807513508604
2022-03-23 05:59:00+00:00,0.00427613837459262,0.0947810799828197,3.1146276771813763,-0.05621009323237719,0.17306807513508604
2022-03-23 06:59:00+00:00,-0.01093289361455696,0.0852202331362073,3.1146276771813763,-0.05621009323237719,0.17306807513508604
2022-03-23 07:59:00+00:00,-0.03948998947669313,0.11503664752129383,3.1146276771813763,-0.05621009323237719,0.17306807513508604
2022-03-23 08:59:00+00:00,0.0034447101969203864,0.05911894735789458,3.1146276771813763,-0.05621009323237719,0.17306807513508604
2022-03-23 09:59:00+00:00,0.030452850677764598,0.09348119437863067,3.1146276771813763,-0.05621009323237719,0.17306807513508604
2022-03-23 10:59:00+00:00,0.033708024308631845,0.12293626402078983,3.1146276771813763,-0.05621009323237719,0.17306807513508604
2022-03-23 11:59:00+00:00,-0.004436070653213164,0.12972799111626854,3.1146276771813763,-0.05621009323237719,0.17306807513508604
2022-03-23 12:59:00+00:00,0.04128450511421411,0.19719768160173512,3.1146276771813763,-0.05621009323237719,0.17306807513508604
2022-03-23 13:59:00+00:00,0.016965805501478748,0.16910038066897393,3.1146276771813763,-0.05621009323237719,0.17306807513508604
2022-03-23 14:59:00+00:00,-0.06197869704984704,0.2362520388930367,3.1146276771813763,-0.05621009323237719,0.17306807513508604
2022-03-23 15:59:00+00:00,0.00953416069588986,0.23203946281060706,3.1146276771813763,-0.05621009323237719,0.17306807513508604
2022-03-23 16:59:00+00:00,-0.09796756855342537,0.1986186998190198,3.1146276771813763,-0.05621009323237719,0.17306807513508604
2022-03-23 17:59:00+00:00,-0.038240977504910845,0.11792423487329007,3.1146276771813763,-0.05621009323237719,0.17306807513508604
2022-03-23 18:59:00+00:00,0.07703838693366993,0.08823413579471806,3.1146276771813763,-0.05621009323237719,0.17306807513508604
2022-03-23 19:59:00+00:00,0.03873113171448672,0.1091241393340936,3.1146276771813763,-0.05621009323237719,0.17306807513508604
2022-03-23 20:59:00+00:00,-0.024250962144067856,0.071487628788236,3.1146276771813763,-0.05621009323237719,0.17306807513508604
2022-03-23 21:59:00+00:00,0.010478459756046998,0.05421442193158654,3.1146276771813763,-0.05621009323237719,0.17306807513508604
2022-03-23 22:59:00+00:00,0.023753870999854154,0.11096709196796173,3.1146276771813763,-0.05621009323237719,0.17306807513508604
2022-03-23 23:59:00+00:00,0.04487195235188812,0.1957221678373644,3.1146276771813763,-0.05621009323237719,0.17306807513508604
2022-03-24 00:59:00+00:00,0.06958121067113243,0.1614394223405924,3.1146276771813763,-0.05621009323237719,0.17306807513508604
2022-03-24 01:59:00+00:00,0.0033763666141939375,0.12115515248882769,3.1146276771813763,-0.05621009323237719,0.17306807513508604
2022-03-24 02:59:00+00:00,-0.007353847822111348,0.09418373582561479,3.1146276771813763,-0.05621009323237719,0.17306807513508604
2022-03-24 03:59:00+00:00,0.025163369979874783,0.08511408762942319,3.1146276771813763,-0.05621009323237719,0.17306807513508604
2022-03-24 04:59:00+00:00,-0.011513778387639562,0.06797707616883475,3.1146276771813763,-0.05621009323237719,0.17306807513508604
2022-03-24 05:59:00+00:00,-0.031096329959834357,0.32301335330779946,3.1146276771813763,-0.05621009323237719,0.17306807513508604
2022-03-24 06:59:00+00:00,0.0019536320136737118,0.11354683878406213,3.1146276771813763,-0.05621009323237719,0.17306807513508604
2022-03-24 07:59:00+00:00,0.0038302456104921667,0.10971935599927152,3.1146276771813763,-0.05621009323237719,0.17306807513508604
2022-03-24 08:59:00+00:00,0.02298964203456544,0.32090163862332766,3.1146276771813763,-0.05621009323237719,0.17306807513508604
2022-03-24 09:59:00+00:00,0.032162335234564576,0.07145523004220555,3.1146276771813763,-0.05621009323237719,0.17306807513508604
2022-03-24 10:59:00+00:00,0.03479885525509152,0.17225694828142402,3.1146276771813763,-0.05621009323237719,0.17306807513508604
2022-03-24 11:59:00+00:00,-0.018330625368245812,0.10865878226595793,3.1146276771813763,-0.05621009323237719,0.17306807513508604
2022-03-24 12:59:00+00:00,0.0008842702773015354,0.12856921536231747,3.1146276771813763,-0.05621009323237719,0.17306807513508604
2022-03-24 13:59:00+00:00,-0.003960045854189964,0.11157121810430048,3.1146276771813763,-0.05621009323237719,0.17306807513508604
2022-03-24 14:59:00+00:00,-0.0903307222237304,0.23240081065629692,3.1146276771813763,-0.05621009323237719,0.17306807513508604
2022-03-24 15:59:00+00:00,-0.08018539454712759,0.13072641522133832,3.1146276771813763,-0.05621009323237719,0.17306807513508604
2022-03-24 16:59:00+00:00,0.016806650753808938,0.10302821614160962,3.1146276771813763,-0.05621009323237719,0.17306807513508604
2022-03-24 17:59:00+00:00,0.11341325288338755,0.11341325288338755,3.1146276771813763,-0.05621009323237719,0.17306807513508604
2022-03-24 18:59:00+00:00,-0.007975326884057665,0.10306675039565283,3.1146276771813763,-0.05621009323237719,0.17306807513508604
2022-03-24 19:59:00+00:00,-0.003937649662444365,0.10426549387201334,3.1146276771813763,-0.05621009323237719,0.17306807513508604
2022-03-24 20:59:00+00:00,0.04094808646318837,0.06711093610048957,3.1146276771813763,-0.05621009323237719,0.17306807513508604
2022-03-24 21:59:00+00:00,0.014532925151589104,0.11873862851594641,3.1146276771813763,-0.05621009323237719,0.17306807513508604
2022-03-24 22:59:00+00:00,-0.022773332633585497,0.07533568606084007,3.1146276771813763,-0.05621009323237719,0.17306807513508604
2022-03-24 23:59:00+00:00,-0.011283637389913892,0.1161749614807972,3.1146276771813763,-0.05621009323237719,0.17306807513508604
2022-03-25 00:59:00+00:00,-0.013780470667978939,0.34008512688692427,3.1146276771813763,-0.05621009323237719,0.17306807513508604
2022-03-25 01:59:00+00:00,0.06868400125602525,0.1412957951268834,3.1146276771813763,-0.05621009323237719,0.17306807513508604
2022-03-25 02:59:00+00:00,-0.01815119846468871,0.06841573040160531,3.1146276771813763,-0.05621009323237719,0.17306807513508604
2022-03-25 03:59:00+00:00,-0.009560771325345385,0.06756883664429392,3.1146276771813763,-0.05621009323237719,0.17306807513508604
2022-03-25 04:59:00+00:00,-0.04725361992850008,0.04969960873284496,3.1146276771813763,-0.05621009323237719,0.17306807513508604
2022-03-25 05:59:00+00:00,0.019219136347159438,0.0548691807451096,3.1146276771813763,-0.05621009323237719,0.17306807513508604
2022-03-25 06:59:00+00:00,-0.022025057568719753,0.07859579459609245,3.1146276771813763,-0.05621009323237719,0.17306807513508604
2022-03-25 07:59:00+00:00,-0.01014142631801107,0.14391152583208555,3.1146276771813763,-0.05621009323237719,0.17306807513508604
2022-03-25 08:59:00+00:00,-0.004480783600535609,0.1000719010800677,3.1146276771813763,-0.05621009323237719,0.17306807513508604
2022-03-25 09:59:00+00:00,0.028300511689716146,0.11343888010332259,3.1146276771813763,-0.05621009323237719,0.17306807513508604
2022-03-25 10:59:00+00:00,0.02957749939266341,0.11329167319461542,3.1146276771813763,-0.05621009323237719,0.17306807513508604
2022-03-25 11:59:00+00:00,0.047519951484531475,0.11184250319621336,3.1146276771813763,-0.05621009323237719,0.17306807513508604
2022-03-25 12:59:00+00:00,0.025760141206765397,0.15251200435490997,3.1146276771813763,-0.05621009323237719,0.17306807513508604
2022-03-25 13:59:00+00:00,-0.0353690312913546,0.1934490190091065,3.1146276771813763,-0.05621009323237719,0.17306807513508604
2022-03-25 14:59:00+00:00,0.01456158384058881,0.17106823250093717,3.1146276771813763,-0.05621009323237719,0.17306807513508604
2022-03-25 15:59:00+00:00,-0.11323409087329317,0.19290925676064274,3.1146276771813763,-0.05621009323237719,0.17306807513508604
2022-03-25 16:59:00+00:00,0.052033406242735225,0.17373175813402142,3.1146276771813763,-0.05621009323237719,0.17306807513508604
2022-03-25 17:59:00+00:00,-0.0762593161509395,0.14786664098401792,3.1146276771813763,-0.05621009323237719,0.17306807513508604
2022-03-25 18:59:00+00:00,-0.02173020570761519,0.14494509552006596,3.1146276771813763,-0.05621009323237719,0.17306807513508604
2022-03-25 19:59:00+00:00,-0.05146817779173585,0.08499858256029169,3.1146276771813763,-0.05621009323237719,0.17306807513508604
2022-03-25 20:59:00+00:00,-0.06337511580085664,0.1194680460410158,3.1146276771813763,-0.05621009323237719,0.17306807513508604
2022-03-25 21:59:00+00:00,0.005290233470556238,0.11620678439072663,3.1146276771813763,-0.05621009323237719,0.17306807513508604
2022-03-25 22:59:00+00:00,0.02997796315294954,0.08522992708898114,3.1146276771813763,-0.05621009323237719,0.17306807513508604
2022-03-25 23:59:00+00:00,-0.036375737883376225,0.1017488724069926,3.1146276771813763,-0.05621009323237719,0.17306807513508604
2022-03-26 00:59:00+00:00,0.02376455882444617,0.17805955401515305,3.1146276771813763,-0.05621009323237719,0.17306807513508604
2022-03-26 01:59:00+00:00,0.011636397055270198,0.10550584750635972,3.1146276771813763,-0.05621009323237719,0.17306807513508604
2022-03-26 02:59:00+00:00,-0.10108779786421884,0.08609126150069812,3.1146276771813763,-0.05621009323237719,0.17306807513508604
2022-03-26 03:59:00+00:00,0.02994054744855923,0.046439611293258576,3.1146302758422655,-0.05621009323237719,0.17306926443249296
2022-03-26 04:59:00+00:00,0.019190283009373754,0.0646858073528711,3.0985014923869927,-0.05621009323237719,0.17269022642642765
2022-03-26 05:59:00+00:00,-0.004814093937466346,0.0855317419370838,3.0970319135557114,-0.05621009323237719,0.1724540789378411
2022-03-26 06:59:00+00:00,-0.04084193993956209,0.052648740820848694,3.1005632456218546,-0.05621009323237719,0.17232358401494696
2022-03-26 07:59:00+00:00,0.019008206130943783,0.07125064768405132,3.0917553115262866,-0.05621009323237719,0.1720076263173122
2022-03-26 08:59:00+00:00,0.0013378831461130503,0.08181417615583664,3.0927262824424817,-0.05621009323237719,0.17181448529997956
2022-03-26 09:59:00+00:00,0.00665211405642685,0.0574008678130844,3.095806825437858,-0.05621009323237719,0.17167398471632128
2022-03-26 10:59:00+00:00,0.0018278626876533366,0.08574729717274465,3.0909030215040008,-0.05621009323237719,0.17139670373490404
2022-03-26 11:59:00+00:00,0.052779772563193994,0.09195473905342366,3.094492828455019,-0.05621009323237719,0.17127409636048557
2022-03-26 12:59:00+00:00,-0.028695967714620352,0.13849390820636076,3.098578075214558,-0.05621009323237719,0.17117474682974815
2022-03-26 13:59:00+00:00,0.04104509021740643,0.05250198901802783,3.101596118306216,-0.05621009323237719,0.17119284422920653
2022-03-26 14:59:00+00:00,-0.025005075203132776,0.09323901574452842,3.093308286016065,-0.05621009323237719,0.17088577118176612
2022-03-26 15:59:00+00:00,0.013882113092400505,0.06337592313809814,3.097486558849437,-0.05621009323237719,0.17079281070054658
2022-03-26 16:59:00+00:00,-0.015851567445701598,0.05345991870173705,3.095976365923598,-0.05621009323237719,0.17056580681856853
2022-03-26 17:59:00+00:00,0.005101788780836891,0.04779472102351967,3.0889254760374056,-0.05621009323237719,0.17027076673439911
2022-03-26 18:59:00+00:00,0.010826507422034837,0.10697193230965185,3.077209997942356,-0.05621009323237719,0.16994078408743019
2022-03-26 19:59:00+00:00,0.007906348993702572,0.14230170287590216,3.081380360883525,-0.05621009323237719,0.16989184023691503
2022-03-26 20:59:00+00:00,0.020293013620020783,0.14967653248352253,3.0840970157772936,-0.05621009323237719,0.16991434865742655
2022-03-26 21:59:00+00:00,-0.027228144402813292,0.06406436436269258,3.0862068048281697,-0.05621009323237719,0.16995367341781198
2022-03-26 22:59:00+00:00,0.028872054291106952,0.0959329388070751,3.085363438461283,-0.05621009323237719,0.16973611043315717
2022-03-26 23:59:00+00:00,-0.001959548210272999,0.04727687982363227,3.0895173055674037,-0.05621009323237719,0.1696577553249398
2022-03-27 00:59:00+00:00,0.0132542062706964,0.12939466466803662,3.077797743480148,-0.05621009323237719,0.1693287409005852
2022-03-27 01:59:00+00:00,-0.020876755403209657,0.07796849595775868,3.0811272496511033,-0.05621009323237719,0.16932971330654317
2022-03-27 02:59:00+00:00,-0.0316613635974905,0.04482577392096454,3.0838561893478103,-0.05621009323237719,0.16918949152392213
2022-03-27 03:59:00+00:00,0.0010488521039020426,0.07618576491595919,3.07005133197169,-0.05621009323237719,0.1688441982955807
2022-03-27 04:59:00+00:00,0.05149309446470518,0.05149309446470518,3.072599670706424,-0.05621009323237719,0.16869547497021659
2022-03-27 05:59:00+00:00,0.011203522062330773,0.04855524240039433,3.065549612845704,-0.05621009323237719,0.1684097957980576
2022-03-27 06:59:00+00:00,-0.03587293941942349,0.044543443114730685,3.0563536078442737,-0.05621009323237719,0.16810241116653468
2022-03-27 07:59:00+00:00,0.00859701173322458,0.050403097344697834,3.043759578648367,-0.05621009323237719,0.1677665310547893
2022-03-27 08:59:00+00:00,-0.0013636569182740033,0.060279336131574546,3.0367100744968347,-0.05621009323237719,0.16748090181745426
2022-03-27 09:59:00+00:00,-0.004175546647089412,0.06452772975471532,3.0353740230907285,-0.05621009323237719,0.1672598316982291
2022-03-27 10:59:00+00:00,0.028180046820125426,0.048996316290095265,3.0356086703798244,-0.05621009323237719,0.1670648371554928
2022-03-27 11:59:00+00:00,-0.021627130249601834,0.07979338406618464,3.028037000935997,-0.05621009323237719,0.16677456731779827
2022-03-27 12:59:00+00:00,0.011061723861283124,0.04336015777547386,3.0312408948660714,-0.05621009323237719,0.1666520737516904
2022-03-27 13:59:00+00:00,-0.016098759766913773,0.11266819360568059,3.0189629412999714,-0.05621009323237719,0.16632343635580799
2022-03-27 14:59:00+00:00,0.013284739937058365,0.09128102471454014,3.0226145720475985,-0.05621009323237719,0.16630028904998242
2022-03-27 15:59:00+00:00,0.02247630383458432,0.261168751131835,3.026599281363649,-0.05621009323237719,0.16621977581053765
2022-03-27 16:59:00+00:00,-0.057675074002228044,0.06622940587491799,3.0226242717259377,-0.05621009323237719,0.16634590099848534
2022-03-27 17:59:00+00:00,-0.003135512093699333,0.07783935412043474,3.0235077604912206,-0.05621009323237719,0.16616831031947726
2022-03-27 18:59:00+00:00,0.018749686141661392,0.0665175155810771,3.0265668074121264,-0.05621009323237719,0.16604168616275422
2022-03-27 19:59:00+00:00,-0.023913811625697612,0.28862123173635235,3.027590845601988,-0.05621009323237719,0.16586827327830345
2022-03-27 20:59:00+00:00,0.010003122857338287,0.2010003094491064,3.02243758238627,-0.05621009323237719,0.16600662937951932
2022-03-27 21:59:00+00:00,0.12153123880424,0.18413536956726206,3.0214067069932597,-0.05621009323237719,0.16609794721069404
2022-03-27 22:59:00+00:00,0.051269170400725095,0.0811994423079887,3.0212558162319985,-0.05621009323237719,0.16617317360547246
2022-03-27 23:59:00+00:00,-0.025256827328723475,0.26675510907832045,3.0245437237705493,-0.05621009323237719,0.16606215991720477
2022-03-28 00:59:00+00:00,-0.06648099419479525,0.15534184549887975,3.020497150961604,-0.05621009323237719,0.16618737921608645
2022-03-28 01:59:00+00:00,-0.019903915713204157,0.06627581974538721,3.0219289849497444,-0.05621009323237719,0.16623483157854244
2022-03-28 02:59:00+00:00,0.03334083064171489,0.09066365985520575,3.022874484051714,-0.05621009323237719,0.16606045160721267
2022-03-28 03:59:00+00:00,-0.04036319209443917,0.07754252398902706,3.0266581196309383,-0.05621009323237719,0.16598131192765664
2022-03-28 04:59:00+00:00,-0.013201863990652818,0.13893354099930866,3.0296148096093853,-0.05621009323237719,0.1658568469514992
2022-03-28 05:59:00+00:00,0.06156716059134704,0.17723841413983532,3.0319506329414585,-0.05621009323237719,0.16588324207406335
2022-03-28 06:59:00+00:00,0.00016931635905548248,0.06510095099269142,3.0321544446423627,-0.05621009323237719,0.1659517726984009
2022-03-28 07:59:00+00:00,0.008614353431446453,0.06883480184426416,3.032805552316769,-0.05621009323237719,0.16577426404546713
2022-03-28 08:59:00+00:00,-0.010103963693719464,0.07050257420637696,3.0343832160878432,-0.05621009323237719,0.1656155263804194
2022-03-28 09:59:00+00:00,0.0023598223998444467,0.13823323282655675,3.0362658589000704,-0.05621009323237719,0.16546547016725038
2022-03-28 10:59:00+00:00,-0.033836323519231826,0.1623319700917225,3.0387099628276117,-0.05621009323237719,0.16548923929985696
2022-03-28 11:59:00+00:00,-0.04018096020306228,0.09497058225486077,3.0397512539666343,-0.05621009323237719,0.16554227692687806
2022-03-28 12:59:00+00:00,0.0037688172149885624,0.12069442512518957,3.043578790947048,-0.05621009323237719,0.16547897960868618
2022-03-28 13:59:00+00:00,-0.009613036765454552,0.17228066265422282,3.046769212195943,-0.05621009323237719,0.16547376263494024
2022-03-28 14:59:00+00:00,0.016381305531087964,0.19098124302235897,3.0472576996750127,-0.05621009323237719,0.16553642507496902
2022-03-28 15:59:00+00:00,0.06738553552956272,0.12855387653002426,3.0465971122705,-0.05621009323237719,0.1656204981497593
2022-03-28 16:59:00+00:00,0.04855191929422631,0.0983547517948602,3.049508365455633,-0.05621009323237719,0.1656250341199496
2022-03-28 17:59:00+00:00,-0.011826623825328397,0.18852945907676943,3.0532995776874072,-0.05621009323237719,0.1655722381203597
2022-03-28 18:59:00+00:00,0.1289437573708252,0.14105493699170246,3.0528148084217883,-0.05621009323237719,0.16564979053197815
2022-03-28 19:59:00+00:00,-0.11181170650960137,0.10210099751908341,3.055065510870081,-0.05621009323237719,0.1656770526883287
2022-03-28 20:59:00+00:00,-0.016175570709608955,0.2097036361675686,3.058862569231991,-0.05621009323237719,0.16563204552235472
2022-03-28 21:59:00+00:00,-0.00679082324988034,0.12275950334478258,3.057283001407263,-0.05621009323237719,0.1657254701916785
2022-03-28 22:59:00+00:00,0.129722932759746,0.3007089357315751,3.060403305294269,-0.05621009323237719,0.16572347913737337
2022-03-28 23:59:00+00:00,0.07044730734730997,0.22379086370569734,3.054962029201502,-0.05621009323237719,0.16585929159049403
2022-03-29 00:59:00+00:00,0.006659349349080745,0.11843121706117676,3.052787942044323,-0.05621009323237719,0.16595961414225413
2022-03-29 01:59:00+00:00,0.025222417749026782,0.2069102926101185,3.0559889439500827,-0.05621009323237719,0.1659495148828224
2022-03-29 02:59:00+00:00,0.0067426095481604165,0.10263057350640148,3.0546835594593347,-0.05621009323237719,0.16603883324113433
2022-03-29 03:59:00+00:00,0.009689689368097554,0.10770576222973727,3.0583902129954534,-0.05621009323237719,0.16599366509988084
2022-03-29 04:59:00+00:00,-0.04000561296251259,0.07453429643906606,3.0619760213315255,-0.05621009323237719,0.1659648557492342
2022-03-29 05:59:00+00:00,-0.009140299924803585,0.06509771398427455,3.064393465593084,-0.05621009323237719,0.16583595673063548
2022-03-29 06:59:00+00:00,-0.054595085584563385,0.05036825153739155,3.064898713721357,-0.05621009323237719,0.16566487737890262
2022-03-29 07:59:00+00:00,0.012013042526048956,0.0790529775998694,3.0591270781892383,-0.05621009323237719,0.16541636008422222
2022-03-29 08:59:00+00:00,-0.01875137617532996,0.09788713019488471,3.0620349591048805,-0.05621009323237719,0.16530700521625524
2022-03-29 09:59:00+00:00,0.003763630451647515,0.06727928581790055,3.0658423505549797,-0.05621009323237719,0.1652532533561648
2022-03-29 10:59:00+00:00,-0.002683984037310516,0.0932790517214177,3.067004926250751,-0.05621009323237719,0.16509803760783698
2022-03-29 11:59:00+00:00,0.01685367666287574,0.19996963475338303,3.0706644082263654,-0.05621009323237719,0.1650359043799463
2022-03-29 12:59:00+00:00,-0.0006160723247328193,0.12169877620736846,3.069547487234666,-0.05621009323237719,0.16511889966051202
2022-03-29 13:59:00+00:00,0.005130944106801483,0.11638933617900138,3.072639559380852,-0.05621009323237719,0.16511483486496964
2022-03-29 14:59:00+00:00,0.001342339125587344,0.36842522752486007,3.075935169333839,-0.05621009323237719,0.16510312014686587
2022-03-29 15:59:00+00:00,0.07521622397393957,0.2459078959099248,3.0683215679628963,-0.05621009323237719,0.16525596270528292
2022-03-29 16:59:00+00:00,-0.03938530600127166,0.16531560094980025,3.065123020826368,-0.05621009323237719,0.1653658776422075
2022-03-29 17:59:00+00:00,-0.0022385600432439645,0.19006265178376225,3.0658856461989323,-0.05621009323237719,0.16541870641579065
2022-03-29 18:59:00+00:00,-0.03383243018104665,0.11161875380978348,3.065331805038303,-0.05621009323237719,0.16549433693454368
2022-03-29 19:59:00+00:00,0.006834755609785859,0.12583057955213306,3.0687759400421117,-0.05621009323237719,0.16547176397155527
2022-03-29 20:59:00+00:00,-0.14565362665126536,0.21622693851768293,3.0716678138345515,-0.05621009323237719,0.16547613398781824
2022-03-29 21:59:00+00:00,0.06318494663145602,0.1743340551590089,3.069765936746211,-0.05621009323237719,0.16556783088723853
2022-03-29 22:59:00+00:00,0.05381950593095208,0.09818698555240646,3.0699987177023202,-0.05621009323237719,0.16563159107270425
2022-03-29 23:59:00+00:00,0.01868615024074316,0.11411951961227684,3.0736838647354423,-0.05621009323237719,0.1655785273536705
2022-03-30 00:59:00+00:00,-0.07929821180290286,0.5641299307648007,3.0769601696269016,-0.05621009323237719,0.16556225763195906
2022-03-30 01:59:00+00:00,0.04689145579507281,0.06360307339459137,3.065264860452492,-0.05621009323237719,0.16574686989151657
2022-03-30 02:59:00+00:00,0.027135235863762208,0.06527599503720616,3.065347503628929,-0.05621009323237719,0.16557764118505103
2022-03-30 03:59:00+00:00,-0.028565251915546597,0.08389493251224067,3.065951737298577,-0.05621009323237719,0.16541794975112029
2022-03-30 04:59:00+00:00,-0.004251785536135699,0.10052186150388831,3.0692291414767054,-0.05621009323237719,0.1653276922593168
2022-03-30 05:59:00+00:00,-0.03738352501565512,0.07474726510665608,3.0728198189774085,-0.05621009323237719,0.1652837257503426
2022-03-30 06:59:00+00:00,-0.006773209985455608,0.09717581410433329,3.075220239869515,-0.05621009323237719,0.16516333715540815
2022-03-30 07:59:00+00:00,0.05736301371619401,0.08153378336511752,3.07874522968239,-0.05621009323237719,0.16511336454140835
2022-03-30 08:59:00+00:00,0.0011175554146869437,0.1129595110018089,3.0818463914212764,-0.05621009323237719,0.16501809831434502
2022-03-30 09:59:00+00:00,-0.02431445374790897,0.06608222400508179,3.0851896330417405,-0.05621009323237719,0.16500182068745428
2022-03-30 10:59:00+00:00,-0.005998561339515263,0.21133485476140246,3.0859538083984375,-0.05621009323237719,0.1648483131816934
2022-03-30 11:59:00+00:00,-0.025790596924046838,0.0785837334875028,3.0843558128957196,-0.05621009323237719,0.16493473373558876
2022-03-30 12:59:00+00:00,0.016937748518552898,0.19968307047937284,3.0871984547452254,-0.05621009323237719,0.16483056701288457
2022-03-30 13:59:00+00:00,-0.02912617709303067,0.11492106024650894,3.0860888840445195,-0.05621009323237719,0.1649088847912577
2022-03-30 14:59:00+00:00,0.025849066789385144,0.1399773646822755,3.089293277776277,-0.05621009323237719,0.16489737779900715
2022-03-30 15:59:00+00:00,0.008890118522730805,0.10889571284775634,3.0913169834932104,-0.05621009323237719,0.16492078890308123
2022-03-30 16:59:00+00:00,0.0019048335958449236,0.09337224549029743,3.0947221958931834,-0.05621009323237719,0.16489648076311733
2022-03-30 17:59:00+00:00,-0.09539454322409213,0.28693600409568365,3.0982457632538924,-0.05621009323237719,0.16483689055854173
2022-03-30 18:59:00+00:00,0.09697140220498168,0.17732820695190998,3.0934115635761747,-0.05621009323237719,0.16495877933537267
2022-03-30 19:59:00+00:00,-0.017771937553812123,0.15645387926727095,3.093473959175043,-0.05621009323237719,0.16502106086853438
2022-03-30 20:59:00+00:00,-0.044597997101081255,0.26633581152580854,3.094687249963026,-0.05621009323237719,0.16506363136038174
2022-03-30 21:59:00+00:00,-0.0384906574824484,0.13636939299602746,3.0906785529250946,-0.05621009323237719,0.16517747283256026
2022-03-30 22:59:00+00:00,-0.03201823773706369,0.09980585116972085,3.0929279065729114,-0.05621009323237719,0.1651945097900443
2022-03-30 23:59:00+00:00,-0.047758048432222644,0.11990400316951311,3.096421296974896,-0.05621009323237719,0.16515078364840616
2022-03-31 00:59:00+00:00,-0.01650685144292119,0.07167837398773802,3.0993550171586826,-0.05621009323237719,0.16514732891294998
2022-03-31 01:59:00+00:00,0.0054632564522316684,0.06549316139569106,3.1012727704196945,-0.05621009323237719,0.1650199752363358
2022-03-31 02:59:00+00:00,0.022502247022404553,0.07087002372786477,3.101905043974687,-0.05621009323237719,0.16486809341358713
2022-03-31 03:59:00+00:00,-0.020755301815489346,0.07590484889288263,3.1036444923137614,-0.05621009323237719,0.16474021795346766
2022-03-31 04:59:00+00:00,-0.004289382652911122,0.15053926640414828,3.1061016462614752,-0.05621009323237719,0.16463015418053223
2022-03-31 05:59:00+00:00,0.0035816983984027218,0.035089707989133245,3.10750501728519,-0.05621009323237719,0.16466909676760957
2022-03-31 06:59:00+00:00,-4.530647685907496e-05,0.04270561590447031,3.0867406495345646,-0.05621009323237719,0.16433650877827813
2022-03-31 07:59:00+00:00,0.011274675051342609,0.07009128581100255,3.075993814938819,-0.05621009323237719,0.164065806486132
2022-03-31 08:59:00+00:00,0.04827823777491247,0.05887693683177542,3.0777642107559156,-0.05621009323237719,0.16393743563544014
2022-03-31 09:59:00+00:00,0.06377429270074675,0.09349055507427151,3.076833299732238,-0.05621009323237719,0.16376262942532413
2022-03-31 10:59:00+00:00,-0.02789314790363484,0.06788246245288398,3.080171903237912,-0.05621009323237719,0.16370840034274337
2022-03-31 11:59:00+00:00,0.008148371653216024,0.2119667964957328,3.081582118716602,-0.05621009323237719,0.16357670280777692
2022-03-31 12:59:00+00:00,0.024314416215376333,0.34608260865387486,3.079890839813627,-0.05621009323237719,0.16366043798429122
2022-03-31 13:59:00+00:00,0.01998812157948393,0.46411462891059463,3.073393522729134,-0.05621009323237719,0.16379350091780132
2022-03-31 14:59:00+00:00,-0.023919276025896608,0.20930786266999402,3.0642177943816,-0.05621009323237719,0.1639503161309342
2022-03-31 15:59:00+00:00,-0.030592257964001668,0.22620376213644544,3.062707419895726,-0.05621009323237719,0.16403343870778034
2022-03-31 16:59:00+00:00,0.05286164833822049,0.12293110351226932,3.0604781257804854,-0.05621009323237719,0.1641230612922232
2022-03-31 17:59:00+00:00,-0.01296080788983911,0.09079128453399754,3.063198537449944,-0.05621009323237719,0.16412530974834133
2022-03-31 18:59:00+00:00,-0.03851419353255725,0.10733427583448085,3.0664517844994146,-0.05621009323237719,0.16406516487746936
2022-03-31 19:59:00+00:00,-0.07149445878296135,0.2112845733908575,3.0697082506446347,-0.05621009323237719,0.16403873376097655
2022-03-31 20:59:00+00:00,-0.0028693958102010697,0.061935763545084566,3.0681276557439854,-0.05621009323237719,0.16412249892467268
2022-03-31 21:59:00+00:00,0.03314391908564307,0.11224751430941593,3.068107901067589,-0.05621009323237719,0.16396428199437152
2022-03-31 22:59:00+00:00,-0.022911679850290412,0.5528212409527056,3.0711415243653226,-0.05621009323237719,0.16394811007900045
2022-03-31 23:59:00+00:00,-0.06736319631777121,0.2946187856518234,3.0604109358080755,-0.05621009323237719,0.16411715874124866
2022-04-01 00:59:00+00:00,-0.08560329207711881,0.18551131971892287,3.0557396183377463,-0.05621009323237719,0.16423309108574002
2022-04-01 01:59:00+00:00,0.11341759549430286,0.28442430994413126,3.0554464270825132,-0.05621009323237719,0.1642987781971353
2022-04-01 02:59:00+00:00,-0.006662868383000564,0.1512937305421791,3.051086213258781,-0.05621009323237719,0.1644129730892715
2022-04-01 03:59:00+00:00,-0.11236860345651412,0.10481094224394916,3.0524022304972815,-0.05621009323237719,0.16444916378372637
2022-04-01 04:59:00+00:00,0.021555309637844022,0.08634172782044924,3.055617633004662,-0.05621009323237719,0.1644204203402917
2022-04-01 05:59:00+00:00,-0.00671922859947216,0.09256595127858924,3.0587217789724117,-0.05621009323237719,0.16434763580822076
2022-04-01 06:59:00+00:00,-0.010372548988080155,0.09162543027415593,3.0620583613225953,-0.05621009323237719,0.16429024545489418
2022-04-01 07:59:00+00:00,-0.0047699454210237135,0.09969930701878571,3.0652520832966994,-0.05621009323237719,0.16423228509276025
2022-04-01 08:59:00+00:00,-0.002806919388698148,0.12490498552950591,3.068537681517319,-0.05621009323237719,0.16419128090922464
2022-04-01 09:59:00+00:00,0.02016755429926631,0.08860703374826695,3.0711520932119196,-0.05621009323237719,0.16419601168394687
2022-04-01 10:59:00+00:00,-0.026952765793830658,0.11343461825567003,3.0743504145480176,-0.05621009323237719,0.16413129033929863
2022-04-01 11:59:00+00:00,-0.03436967256100765,0.36811509928699193,3.077261191185821,-0.05621009323237719,0.16411675611689894
2022-04-01 12:59:00+00:00,-0.04151130541965031,0.17520942991892108,3.0704895856418575,-0.05621009323237719,0.16425127672752227
2022-04-01 13:59:00+00:00,-0.02630105567369423,0.08898480177217394,3.070688717092173,-0.05621009323237719,0.1643081070533533
2022-04-01 14:59:00+00:00,-0.1151144405204807,0.22830158817209734,3.0738200426427333,-0.05621009323237719,0.16424486596257834
2022-04-01 15:59:00+00:00,0.011157380607440537,0.12197825556181652,3.0715381143197105,-0.05621009323237719,0.1643330873322814
2022-04-01 16:59:00+00:00,0.06655314761376818,0.08408868046367868,3.0742244954264932,-0.05621009323237719,0.16433287388992027
2022-04-01 17:59:00+00:00,-0.02433311144898198,0.2279680880537316,3.0772098233888974,-0.05621009323237719,0.1642561043351634
2022-04-01 18:59:00+00:00,-0.005784999668767554,0.12067505603373663,3.0750028361180775,-0.05621009323237719,0.16434253657447126
2022-04-01 19:59:00+00:00,-0.020185723186250115,0.14696746006999106,3.077676071008442,-0.05621009323237719,0.16434139468045267
2022-04-01 20:59:00+00:00,0.013065631803255151,0.1042212455480529,3.0791725607093654,-0.05621009323237719,0.16437294175660966
2022-04-01 21:59:00+00:00,-0.001014107040542278,0.1734608844401575,3.082335300943886,-0.05621009323237719,0.16434325012048218
2022-04-01 22:59:00+00:00,-0.05683931337452375,0.09741121275010922,3.082564383219096,-0.05621009323237719,0.16439772849261644
2022-04-01 23:59:00+00:00,-0.036974425228630814,0.24086854727435325,3.0857504105279894,-0.05621009323237719,0.16435177355806702
2022-04-02 00:59:00+00:00,0.12838582638488027,0.27993521145591727,3.0830525687309067,-0.05621009323237719,0.16444484721453195
2022-04-02 01:59:00+00:00,0.019297937005169352,0.19504381478691046,3.0789045296873683,-0.05621009323237719,0.16455289652926208
2022-04-02 02:59:00+00:00,-0.015989185016862528,0.1181699331807784,3.0780744945809713,-0.05621009323237719,0.1646211411034358
2022-04-02 03:59:00+00:00,-0.009527061809677662,0.10934210280160173,3.080945564464866,-0.05621009323237719,0.16461498713065853
2022-04-02 04:59:00+00:00,0.0010466381960894111,0.1066967339679703,3.083900401710765,-0.05621009323237719,0.16459459344547844
2022-04-02 06:00:00+00:00,0.009830879744621157,0.05646106603154344,3.0869638082846036,-0.05621009323237719,0.16457026721343898
2022-04-02 07:00:00+00:00,0.014166218814193332,0.07095137424707465,3.08502715256127,-0.05621009323237719,0.1643927450721539
2022-04-02 08:00:00+00:00,0.02112023220450787,0.07820599563020947,3.0867100878589095,-0.05621009323237719,0.16427872624965628
2022-04-02 09:00:00+00:00,-0.01613485322424779,0.07130781669951736,3.089229165474271,-0.05621009323237719,0.16418765432878263
2022-04-02 10:00:00+00:00,0.07230376545407369,0.07230376545407369,3.0910540289959156,-0.05621009323237719,0.16407312206135086
2022-04-02 11:00:00+00:00,-0.06882686270517357,0.08319400881544592,3.0929401728964034,-0.05621009323237719,0.16396380117107354
2022-04-02 12:00:00+00:00,0.02649145033644107,0.478219874956598,3.095831601713079,-0.05621009323237719,0.1638873347546682
2022-04-02 13:00:00+00:00,-0.001840930073138125,0.0852876908525313,3.0868628560383513,-0.05621009323237719,0.16403466085963575
2022-04-02 14:00:00+00:00,-0.04389194811520447,0.09236948406818879,3.0897812076055313,-0.05621009323237719,0.163963993740305
2022-04-02 15:00:00+00:00,0.023466700711083366,0.17236858470494054,3.0929602074631735,-0.05621009323237719,0.1639116861751625
2022-04-02 16:00:00+00:00,-0.0260059517721567,0.18752565586492853,3.093111465889265,-0.05621009323237719,0.16396481505614768
2022-04-02 17:00:00+00:00,0.0077911698964872045,0.06828337722591948,3.0926337072356023,-0.05621009323237719,0.16402594643791088
2022-04-02 18:00:00+00:00,0.040592722973364914,0.4286615623900425,3.0939248766121077,-0.05621009323237719,0.16390433912297586
2022-04-02 19:00:00+00:00,-0.05137740770835286,0.06843426013862786,3.0860067145195162,-0.05621009323237719,0.16404431955179338
2022-04-02 20:00:00+00:00,0.053047432476294176,0.32825248967581766,3.087297569473312,-0.05621009323237719,0.16392255173751966
2022-04-02 21:00:00+00:00,-0.02326576387678969,0.1774451240360464,3.081803476120947,-0.05621009323237719,0.1640398448875378
2022-04-02 22:00:00+00:00,-2.585595109128036e-05,0.19599426803845743,3.081774461963793,-0.05621009323237719,0.1640964569718506
2022-04-02 23:00:00+00:00,0.010524763988606356,0.09067913752489609,3.0809362354122847,-0.05621009323237719,0.16416469936906428
2022-04-03 00:00:00+00:00,-0.07419319953747561,0.09654652124999608,3.0839858816367594,-0.05621009323237719,0.1641065201532712
2022-04-03 01:00:00+00:00,0.007205268554488775,0.36614783647854754,3.0871113083299595,-0.05621009323237719,0.16406466189120897
2022-04-03 02:00:00+00:00,0.029631335312618745,0.05705377764371189,3.0807851828494766,-0.05621009323237719,0.16418807601852659
2022-04-03 03:00:00+00:00,0.031735963749734974,0.06303392311316491,3.0791356311969786,-0.05621009323237719,0.16402415004771356
2022-04-03 04:00:00+00:00,0.005290302451488316,0.041259128907544795,3.079358458166947,-0.05621009323237719,0.163884895638732
2022-04-03 05:00:00+00:00,0.00328304193232265,0.06213596262470977,3.0687962630471732,-0.05621009323237719,0.1636343956348275
2022-04-03 06:00:00+00:00,-0.04471542547288543,0.10791097631206448,3.068836691313533,-0.05621009323237719,0.16349466135018167
2022-04-03 07:00:00+00:00,-0.03487270060968939,0.10353722013234368,3.0717095169025974,-0.05621009323237719,0.1634742361878947
2022-04-03 08:00:00+00:00,-0.06958316023453204,0.06020815040937988,3.0747759411005813,-0.05621009323237719,0.16344531139384938
2022-04-03 09:00:00+00:00,-0.07420050388302624,0.09602924754674724,3.0743553901156675,-0.05621009323237719,0.16329860594996362
2022-04-03 10:00:00+00:00,-0.03800753284810554,0.08764516722677973,3.077355808916959,-0.05621009323237719,0.16325512060025782
2022-04-03 11:00:00+00:00,-0.006094768867770384,0.06982842233311803,3.080434411115408,-0.05621009323237719,0.16319610463634068
2022-04-03 12:00:00+00:00,-0.009454796773500362,0.07453892300550713,3.0820058031119735,-0.05621009323237719,0.1630841633028538
2022-04-03 13:00:00+00:00,-0.007121680383193052,0.19083990187088729,3.084176436581598,-0.05621009323237719,0.16298912929542914
2022-04-03 14:00:00+00:00,-0.027683667728983785,0.07114103773520064,3.083530339371305,-0.05621009323237719,0.16305383578043872
2022-04-03 15:00:00+00:00,-0.11184956104739463,0.09552667524647118,3.0852893460997564,-0.05621009323237719,0.16294919263058674
2022-04-03 16:00:00+00:00,-0.033487118317210296,0.1965371986899611,3.088326634308755,-0.05621009323237719,0.1629067113516423
2022-04-03 17:00:00+00:00,-0.028564726997282186,0.0852815772357185,3.0873883233868824,-0.05621009323237719,0.16297215163981038
2022-04-03 18:00:00+00:00,-0.047781569290972215,0.11778949944013517,3.090309250956222,-0.05621009323237719,0.16290910760327518
2022-04-03 19:00:00+00:00,0.2438045137653333,0.2438045137653333,3.092873501731323,-0.05621009323237719,0.16290317992601838
2022-04-03 20:00:00+00:00,-0.02741679254243401,0.0652571237724664,3.090055007909531,-0.05621009323237719,0.16299344132497073
2022-04-03 21:00:00+00:00,0.0031830263296228622,0.2063978138508782,3.0908889634129735,-0.05621009323237719,0.16286757552793327
2022-04-03 22:00:00+00:00,-0.16059355065651815,0.5060151550749237,3.0895578479172725,-0.05621009323237719,0.16293827455670437
2022-04-03 23:00:00+00:00,0.04350228749093743,0.22000522352012553,3.0804529908906004,-0.05621009323237719,0.16308207398097835
2022-04-04 00:00:00+00:00,0.027204025002158794,0.4521508708817734,3.0786409953560354,-0.05621009323237719,0.16315920863590638
2022-04-04 01:00:00+00:00,0.02409299421968214,0.11801116470848694,3.0705877990372508,-0.05621009323237719,0.16329691829134785
2022-04-04 02:00:00+00:00,0.2163521139081359,0.2163521139081359,3.0731398428801318,-0.05621009323237719,0.16329286086348763
2022-04-04 03:00:00+00:00,0.03176974964326229,0.07451506090214721,3.0715609327741102,-0.05621009323237719,0.1633664258729874
2022-04-04 04:00:00+00:00,0.011267542541870679,0.22218048097731868,3.073659005232138,-0.05621009323237719,0.16327384389972863
2022-04-04 05:00:00+00:00,-0.011727484725687631,0.05825154533825039,3.0717877419982056,-0.05621009323237719,0.16335170926897355
2022-04-04 06:00:00+00:00,0.009453179697715974,0.07003144229584812,3.070792257824802,-0.05621009323237719,0.1632014602014144
2022-04-04 07:00:00+00:00,-0.01736683285344931,0.12779021986154548,3.0723905109718674,-0.05621009323237719,0.16309421043959532
2022-04-04 08:00:00+00:00,-0.011685441906217342,0.18008610872429776,3.0745731916793733,-0.05621009323237719,0.16310314917226812
2022-04-04 09:00:00+00:00,0.06285912478148914,0.14856762737353035,3.074456559131563,-0.05621009323237719,0.1631588880391785
2022-04-04 10:00:00+00:00,-0.011779824183433263,0.11113490693018813,3.0756047325820406,-0.05621009323237719,0.1631895941676969
2022-04-04 11:00:00+00:00,0.0035130868124788606,0.06082830766365177,3.0783632994484083,-0.05621009323237719,0.16317636287819026
2022-04-04 12:00:00+00:00,0.018517742200896414,0.10006041437328195,3.078135443124234,-0.05621009323237719,0.16303813413999885
2022-04-04 13:00:00+00:00,-0.051433226048192004,0.17859845403024321,3.081062965297152,-0.05621009323237719,0.16300582203134856
2022-04-04 14:00:00+00:00,0.05209139084275671,0.198547838510843,3.080971568199583,-0.05621009323237719,0.16305751425739473
2022-04-04 15:00:00+00:00,-0.01779865697097982,0.3674966531098556,3.0800526741964207,-0.05621009323237719,0.16312431334701194
2022-04-04 16:00:00+00:00,0.027950230107609553,0.11249201123628705,3.0739063486501617,-0.05621009323237719,0.16324217897676918
2022-04-04 17:00:00+00:00,-0.0035661133666486933,0.5509256836993659,3.076543882338146,-0.05621009323237719,0.1632315260141049
2022-04-04 18:00:00+00:00,0.05628767765488707,0.1736994942070802,3.067161031668131,-0.05621009323237719,0.16337662800696384
2022-04-04 19:00:00+00:00,-0.022687806893739726,0.10164899833144947,3.0672558907340135,-0.05621009323237719,0.16342510410212868
2022-04-04 20:00:00+00:00,0.020142316240556735,0.13048283630632262,3.0701345297694695,-0.05621009323237719,0.16339561261089025
2022-04-04 21:00:00+00:00,-0.07221972659141596,0.16912934150087322,3.0721158192968696,-0.05621009323237719,0.16340675424611797
2022-04-04 22:00:00+00:00,-0.028074602823968675,0.13984477969455344,3.072458695400492,-0.05621009323237719,0.1634538290045367
2022-04-04 23:00:00+00:00,-0.012337549538954384,0.15867860440820225,3.074053544880111,-0.05621009323237719,0.1634760636991886
