Date,Open,High,Low,Close,Change(Pips),Change(%)
4/5/2022 23:00,123.608,123.614,123.603,123.61,0.2,0
4/5/2022 22:55,123.585,123.616,123.576,123.609,2.4,0.02
4/5/2022 22:50,123.593,123.617,123.579,123.583,-1,-0.01
4/5/2022 22:45,123.595,123.627,123.593,123.597,0.2,0
4/5/2022 22:40,123.597,123.615,123.582,123.596,-0.1,0
4/5/2022 22:35,123.63,123.634,123.596,123.596,-3.4,-0.03
4/5/2022 22:30,123.571,123.636,123.569,123.632,6.1,0.05
4/5/2022 22:25,123.616,123.623,123.569,123.571,-4.5,-0.04
4/5/2022 22:20,123.615,123.63,123.6,123.609,-0.6,0
4/5/2022 22:15,123.631,123.632,123.598,123.619,-1.2,-0.01
4/5/2022 22:10,123.644,123.684,123.633,123.638,-0.6,0
4/5/2022 22:05,123.616,123.646,123.608,123.642,2.6,0.02
4/5/2022 22:00,123.59,123.616,123.585,123.613,2.3,0.02
4/5/2022 21:55,123.587,123.609,123.583,123.594,0.7,0.01
4/5/2022 21:50,123.587,123.587,123.587,123.587,0,0
4/5/2022 21:45,123.592,123.594,123.582,123.588,-0.4,0
4/5/2022 21:40,123.589,123.6,123.589,123.59,0.1,0
4/5/2022 21:35,123.593,123.598,123.589,123.591,-0.2,0
4/5/2022 21:30,123.548,123.599,123.548,123.594,4.6,0.04
4/5/2022 21:25,123.57,123.593,123.536,123.553,-1.7,-0.01
4/5/2022 21:20,123.543,123.549,123.538,123.54,-0.3,0
4/5/2022 21:15,123.54,123.543,123.54,123.542,0.2,0
4/5/2022 21:10,123.491,123.555,123.491,123.552,6.1,0.05
4/5/2022 21:05,123.499,123.609,123.468,123.492,-0.7,-0.01
4/5/2022 21:00,123.561,123.586,123.5,123.501,-6,-0.05
4/5/2022 20:55,123.595,123.596,123.582,123.594,-0.1,0
4/5/2022 20:50,123.62,123.62,123.592,123.595,-2.5,-0.02
4/5/2022 20:45,123.619,123.633,123.614,123.622,0.3,0
4/5/2022 20:40,123.617,123.622,123.612,123.615,-0.2,0
4/5/2022 20:35,123.619,123.622,123.609,123.615,-0.4,0
4/5/2022 20:30,123.628,123.628,123.598,123.615,-1.3,-0.01
4/5/2022 20:25,123.627,123.631,123.612,123.628,0.1,0
4/5/2022 20:20,123.603,123.632,123.603,123.626,2.3,0.02
4/5/2022 20:15,123.644,123.644,123.601,123.604,-4,-0.03
4/5/2022 20:10,123.6,123.646,123.6,123.64,4,0.03
4/5/2022 20:05,123.616,123.628,123.599,123.6,-1.6,-0.01
4/5/2022 20:00,123.603,123.624,123.59,123.613,1,0.01
4/5/2022 19:55,123.609,123.637,123.597,123.607,-0.2,0
4/5/2022 19:50,123.622,123.647,123.608,123.608,-1.4,-0.01
4/5/2022 19:45,123.634,123.638,123.601,123.622,-1.2,-0.01
4/5/2022 19:40,123.604,123.635,123.593,123.633,2.9,0.02
4/5/2022 19:35,123.623,123.629,123.601,123.605,-1.8,-0.01
4/5/2022 19:30,123.638,123.639,123.615,123.626,-1.2,-0.01
4/5/2022 19:25,123.64,123.65,123.624,123.637,-0.3,0
4/5/2022 19:20,123.623,123.652,123.621,123.64,1.7,0.01
4/5/2022 19:15,123.633,123.64,123.591,123.622,-1.1,-0.01
4/5/2022 19:10,123.574,123.639,123.574,123.633,5.9,0.05
4/5/2022 19:05,123.612,123.623,123.563,123.577,-3.5,-0.03
4/5/2022 19:00,123.6,123.613,123.575,123.609,0.9,0.01
4/5/2022 18:55,123.586,123.604,123.572,123.604,1.8,0.01
4/5/2022 18:50,123.631,123.636,123.579,123.59,-4.1,-0.03
4/5/2022 18:45,123.638,123.644,123.627,123.631,-0.7,-0.01
4/5/2022 18:40,123.622,123.656,123.599,123.633,1.1,0.01
4/5/2022 18:35,123.623,123.648,123.619,123.622,-0.1,0
4/5/2022 18:30,123.619,123.631,123.611,123.625,0.6,0
4/5/2022 18:25,123.601,123.621,123.586,123.618,1.7,0.01
4/5/2022 18:20,123.597,123.609,123.594,123.596,-0.1,0
4/5/2022 18:15,123.573,123.604,123.573,123.598,2.5,0.02
4/5/2022 18:10,123.578,123.592,123.56,123.574,-0.4,0
4/5/2022 18:05,123.583,123.599,123.571,123.582,-0.1,0
4/5/2022 18:00,123.647,123.649,123.572,123.581,-6.6,-0.05
4/5/2022 17:55,123.621,123.656,123.61,123.646,2.5,0.02
4/5/2022 17:50,123.64,123.64,123.6,123.622,-1.8,-0.01
4/5/2022 17:45,123.591,123.638,123.586,123.633,4.2,0.03
4/5/2022 17:40,123.616,123.616,123.578,123.589,-2.7,-0.02
4/5/2022 17:35,123.603,123.618,123.597,123.613,1,0.01
4/5/2022 17:30,123.577,123.618,123.574,123.607,3,0.02
4/5/2022 17:25,123.566,123.592,123.552,123.575,0.9,0.01
4/5/2022 17:20,123.606,123.616,123.56,123.561,-4.5,-0.04
4/5/2022 17:15,123.613,123.624,123.576,123.607,-0.6,0
4/5/2022 17:10,123.585,123.669,123.583,123.613,2.8,0.02
4/5/2022 17:05,123.611,123.613,123.578,123.581,-3,-0.02
4/5/2022 17:00,123.588,123.635,123.582,123.613,2.5,0.02
4/5/2022 16:55,123.55,123.588,123.545,123.586,3.6,0.03
4/5/2022 16:50,123.573,123.578,123.546,123.548,-2.5,-0.02
4/5/2022 16:45,123.59,123.593,123.567,123.574,-1.6,-0.01
4/5/2022 16:40,123.538,123.597,123.529,123.589,5.1,0.04
4/5/2022 16:35,123.53,123.562,123.518,123.536,0.6,0
4/5/2022 16:30,123.519,123.554,123.514,123.53,1.1,0.01
4/5/2022 16:25,123.534,123.547,123.504,123.521,-1.3,-0.01
4/5/2022 16:20,123.508,123.558,123.505,123.535,2.7,0.02
4/5/2022 16:15,123.527,123.547,123.504,123.508,-1.9,-0.02
4/5/2022 16:10,123.548,123.552,123.52,123.53,-1.8,-0.01
4/5/2022 16:05,123.543,123.555,123.518,123.55,0.7,0.01
4/5/2022 16:00,123.492,123.567,123.479,123.548,5.6,0.05
4/5/2022 15:55,123.451,123.493,123.449,123.487,3.6,0.03
4/5/2022 15:50,123.447,123.459,123.423,123.455,0.8,0.01
4/5/2022 15:45,123.351,123.453,123.324,123.444,9.3,0.08
4/5/2022 15:40,123.364,123.395,123.342,123.354,-1,-0.01
4/5/2022 15:35,123.386,123.407,123.357,123.362,-2.4,-0.02
4/5/2022 15:30,123.373,123.4,123.361,123.384,1.1,0.01
4/5/2022 15:25,123.356,123.388,123.345,123.372,1.6,0.01
4/5/2022 15:20,123.38,123.383,123.336,123.358,-2.2,-0.02
4/5/2022 15:15,123.364,123.39,123.347,123.38,1.6,0.01
4/5/2022 15:10,123.31,123.385,123.307,123.361,5.1,0.04
4/5/2022 15:05,123.301,123.326,123.26,123.315,1.4,0.01
4/5/2022 15:00,123.301,123.321,123.274,123.302,0.1,0
4/5/2022 14:55,123.278,123.316,123.244,123.305,2.7,0.02
4/5/2022 14:50,123.363,123.37,123.26,123.276,-8.7,-0.07
4/5/2022 14:45,123.401,123.423,123.313,123.366,-3.5,-0.03
4/5/2022 14:40,123.415,123.446,123.37,123.402,-1.3,-0.01
4/5/2022 14:35,123.396,123.424,123.357,123.416,2,0.02
4/5/2022 14:30,123.287,123.406,123.237,123.392,10.5,0.09
4/5/2022 14:25,123.314,123.321,123.236,123.284,-3,-0.02
4/5/2022 14:20,123.235,123.343,123.206,123.317,8.2,0.07
4/5/2022 14:15,123.12,123.243,123.108,123.236,11.6,0.09
4/5/2022 14:10,122.862,123.173,122.862,123.122,26,0.21
4/5/2022 14:05,122.832,122.946,122.83,122.86,2.8,0.02
4/5/2022 14:00,122.843,122.847,122.799,122.836,-0.7,-0.01
4/5/2022 13:55,122.853,122.866,122.824,122.838,-1.5,-0.01
4/5/2022 13:50,122.795,122.879,122.794,122.852,5.7,0.05
4/5/2022 13:45,122.796,122.831,122.789,122.796,0,0
4/5/2022 13:40,122.779,122.809,122.765,122.8,2.1,0.02
4/5/2022 13:35,122.788,122.829,122.753,122.777,-1.1,-0.01
4/5/2022 13:30,122.825,122.843,122.758,122.787,-3.8,-0.03
4/5/2022 13:25,122.849,122.861,122.813,122.828,-2.1,-0.02
4/5/2022 13:20,122.858,122.866,122.815,122.85,-0.8,-0.01
4/5/2022 13:15,122.833,122.888,122.829,122.861,2.8,0.02
4/5/2022 13:10,122.814,122.858,122.778,122.83,1.6,0.01
4/5/2022 13:05,122.795,122.837,122.75,122.816,2.1,0.02
4/5/2022 13:00,122.831,122.834,122.782,122.8,-3.1,-0.03
4/5/2022 12:55,122.837,122.865,122.828,122.832,-0.5,0
4/5/2022 12:50,122.838,122.892,122.82,122.842,0.4,0
4/5/2022 12:45,122.839,122.864,122.807,122.835,-0.4,0
4/5/2022 12:40,122.965,122.981,122.79,122.842,-12.3,-0.1
4/5/2022 12:35,122.938,123,122.934,122.966,2.8,0.02
4/5/2022 12:30,122.914,122.945,122.881,122.936,2.2,0.02
4/5/2022 12:25,122.912,122.927,122.908,122.913,0.1,0
4/5/2022 12:20,122.913,122.928,122.895,122.916,0.3,0
4/5/2022 12:15,122.848,122.914,122.837,122.912,6.4,0.05
4/5/2022 12:10,122.875,122.878,122.829,122.852,-2.3,-0.02
4/5/2022 12:05,122.884,122.902,122.87,122.875,-0.9,-0.01
4/5/2022 12:00,122.923,122.926,122.88,122.88,-4.3,-0.03
4/5/2022 11:55,122.955,122.955,122.922,122.927,-2.8,-0.02
4/5/2022 11:50,122.949,122.961,122.936,122.951,0.2,0
4/5/2022 11:45,122.911,122.955,122.889,122.952,4.1,0.03
4/5/2022 11:40,122.914,122.927,122.901,122.91,-0.4,0
4/5/2022 11:35,122.873,122.916,122.865,122.915,4.2,0.03
4/5/2022 11:30,122.861,122.888,122.844,122.876,1.5,0.01
4/5/2022 11:25,122.86,122.896,122.858,122.861,0.1,0
4/5/2022 11:20,122.844,122.872,122.813,122.863,1.9,0.02
4/5/2022 11:15,122.894,122.925,122.836,122.85,-4.4,-0.04
4/5/2022 11:10,122.939,122.948,122.891,122.893,-4.6,-0.04
4/5/2022 11:05,122.944,122.977,122.932,122.932,-1.2,-0.01
4/5/2022 11:00,122.89,122.962,122.889,122.947,5.7,0.05
4/5/2022 10:55,122.916,122.92,122.875,122.894,-2.2,-0.02
4/5/2022 10:50,122.911,122.934,122.898,122.915,0.4,0
4/5/2022 10:45,122.927,122.938,122.878,122.913,-1.4,-0.01
4/5/2022 10:40,122.928,122.95,122.914,122.929,0.1,0
4/5/2022 10:35,122.971,122.985,122.903,122.926,-4.5,-0.04
4/5/2022 10:30,122.942,122.977,122.925,122.972,3,0.02
4/5/2022 10:25,122.933,122.945,122.911,122.941,0.8,0.01
4/5/2022 10:20,122.895,122.937,122.888,122.933,3.8,0.03
4/5/2022 10:15,122.874,122.891,122.864,122.891,1.7,0.01
4/5/2022 10:10,122.876,122.878,122.852,122.873,-0.3,0
4/5/2022 10:05,122.869,122.879,122.844,122.874,0.5,0
4/5/2022 10:00,122.823,122.879,122.819,122.866,4.3,0.03
4/5/2022 9:55,122.806,122.83,122.795,122.822,1.6,0.01
4/5/2022 9:50,122.789,122.818,122.783,122.807,1.8,0.01
4/5/2022 9:45,122.781,122.801,122.772,122.79,0.9,0.01
4/5/2022 9:40,122.81,122.838,122.779,122.783,-2.7,-0.02
4/5/2022 9:35,122.817,122.842,122.797,122.815,-0.2,0
4/5/2022 9:30,122.786,122.829,122.769,122.817,3.1,0.03
4/5/2022 9:25,122.762,122.795,122.734,122.787,2.5,0.02
4/5/2022 9:20,122.727,122.767,122.725,122.764,3.7,0.03
4/5/2022 9:15,122.779,122.78,122.694,122.724,-5.5,-0.04
4/5/2022 9:10,122.796,122.796,122.767,122.776,-2,-0.02
4/5/2022 9:05,122.787,122.81,122.761,122.797,1,0.01
4/5/2022 9:00,122.822,122.825,122.759,122.789,-3.3,-0.03
4/5/2022 8:55,122.817,122.835,122.803,122.824,0.7,0.01
4/5/2022 8:50,122.815,122.825,122.791,122.82,0.5,0
4/5/2022 8:45,122.869,122.871,122.802,122.815,-5.4,-0.04
4/5/2022 8:40,122.844,122.872,122.835,122.871,2.7,0.02
4/5/2022 8:35,122.838,122.856,122.792,122.844,0.6,0
4/5/2022 8:30,122.833,122.855,122.795,122.843,1,0.01
4/5/2022 8:25,122.832,122.862,122.822,122.837,0.5,0
4/5/2022 8:20,122.891,122.891,122.785,122.83,-6.1,-0.05
4/5/2022 8:15,122.897,122.914,122.871,122.888,-0.9,-0.01
4/5/2022 8:10,122.943,122.948,122.875,122.892,-5.1,-0.04
4/5/2022 8:05,122.901,122.954,122.887,122.945,4.4,0.04
4/5/2022 8:00,122.908,122.933,122.866,122.9,-0.8,-0.01
4/5/2022 7:55,122.929,122.977,122.89,122.908,-2.1,-0.02
4/5/2022 7:50,122.985,122.985,122.913,122.931,-5.4,-0.04
4/5/2022 7:45,122.886,122.996,122.873,122.979,9.3,0.08
4/5/2022 7:40,122.838,122.917,122.837,122.888,5,0.04
4/5/2022 7:35,122.773,122.851,122.771,122.84,6.7,0.05
4/5/2022 7:30,122.789,122.807,122.762,122.776,-1.3,-0.01
4/5/2022 7:25,122.774,122.834,122.761,122.788,1.4,0.01
4/5/2022 7:20,122.738,122.781,122.71,122.769,3.1,0.03
4/5/2022 7:15,122.658,122.75,122.658,122.736,7.8,0.06
4/5/2022 7:10,122.656,122.686,122.639,122.658,0.2,0
4/5/2022 7:05,122.659,122.67,122.639,122.657,-0.2,0
4/5/2022 7:00,122.577,122.684,122.569,122.656,7.9,0.06
4/5/2022 6:55,122.561,122.589,122.556,122.582,2.1,0.02
4/5/2022 6:50,122.589,122.6,122.56,122.562,-2.7,-0.02
4/5/2022 6:45,122.545,122.592,122.532,122.589,4.4,0.04
4/5/2022 6:40,122.535,122.545,122.522,122.539,0.4,0
4/5/2022 6:35,122.583,122.591,122.532,122.534,-4.9,-0.04
4/5/2022 6:30,122.555,122.588,122.544,122.585,3,0.02
4/5/2022 6:25,122.574,122.59,122.553,122.554,-2,-0.02
4/5/2022 6:20,122.562,122.597,122.554,122.576,1.4,0.01
4/5/2022 6:15,122.565,122.572,122.529,122.562,-0.3,0
4/5/2022 6:10,122.545,122.572,122.534,122.566,2.1,0.02
4/5/2022 6:05,122.524,122.557,122.504,122.54,1.6,0.01
4/5/2022 6:00,122.508,122.558,122.491,122.522,1.4,0.01
4/5/2022 5:55,122.461,122.5,122.441,122.5,3.9,0.03
4/5/2022 5:50,122.443,122.465,122.431,122.464,2.1,0.02
4/5/2022 5:45,122.465,122.47,122.44,122.444,-2.1,-0.02
4/5/2022 5:40,122.462,122.462,122.435,122.461,-0.1,0
4/5/2022 5:35,122.434,122.468,122.428,122.456,2.2,0.02
4/5/2022 5:30,122.512,122.512,122.428,122.432,-8,-0.07
4/5/2022 5:25,122.519,122.528,122.499,122.507,-1.2,-0.01
4/5/2022 5:20,122.517,122.533,122.504,122.518,0.1,0
4/5/2022 5:15,122.519,122.524,122.493,122.517,-0.2,0
4/5/2022 5:10,122.53,122.546,122.507,122.52,-1,-0.01
4/5/2022 5:05,122.558,122.566,122.528,122.529,-2.9,-0.02
4/5/2022 5:00,122.547,122.583,122.543,122.561,1.4,0.01
4/5/2022 4:55,122.546,122.551,122.497,122.547,0.1,0
4/5/2022 4:50,122.563,122.575,122.539,122.544,-1.9,-0.02
4/5/2022 4:45,122.585,122.604,122.557,122.563,-2.2,-0.02
4/5/2022 4:40,122.553,122.618,122.553,122.582,2.9,0.02
4/5/2022 4:35,122.505,122.557,122.5,122.554,4.9,0.04
4/5/2022 4:30,122.524,122.553,122.486,122.504,-2,-0.02
4/5/2022 4:25,122.538,122.551,122.522,122.523,-1.5,-0.01
4/5/2022 4:20,122.536,122.556,122.531,122.536,0,0
4/5/2022 4:15,122.508,122.544,122.496,122.533,2.5,0.02
4/5/2022 4:10,122.513,122.532,122.503,122.512,-0.1,0
4/5/2022 4:05,122.539,122.543,122.512,122.519,-2,-0.02
4/5/2022 4:00,122.517,122.542,122.51,122.539,2.2,0.02
4/5/2022 3:55,122.552,122.56,122.516,122.516,-3.6,-0.03
4/5/2022 3:50,122.546,122.56,122.539,122.553,0.7,0.01
4/5/2022 3:45,122.53,122.554,122.53,122.546,1.6,0.01
4/5/2022 3:40,122.547,122.551,122.532,122.537,-1,-0.01
4/5/2022 3:35,122.524,122.542,122.508,122.54,1.6,0.01
4/5/2022 3:30,122.527,122.531,122.507,122.525,-0.2,0
4/5/2022 3:25,122.512,122.531,122.498,122.527,1.5,0.01
4/5/2022 3:20,122.518,122.524,122.48,122.511,-0.7,-0.01
4/5/2022 3:15,122.538,122.544,122.503,122.517,-2.1,-0.02
4/5/2022 3:10,122.55,122.56,122.523,122.534,-1.6,-0.01
4/5/2022 3:05,122.566,122.576,122.545,122.551,-1.5,-0.01
4/5/2022 3:00,122.586,122.599,122.561,122.563,-2.3,-0.02
4/5/2022 2:55,122.566,122.589,122.566,122.585,1.9,0.02
4/5/2022 2:50,122.573,122.58,122.554,122.568,-0.5,0
4/5/2022 2:45,122.544,122.573,122.544,122.573,2.9,0.02
4/5/2022 2:40,122.525,122.562,122.525,122.544,1.9,0.02
4/5/2022 2:35,122.538,122.55,122.521,122.527,-1.1,-0.01
4/5/2022 2:30,122.505,122.549,122.498,122.536,3.1,0.03
4/5/2022 2:25,122.497,122.519,122.493,122.503,0.6,0
4/5/2022 2:20,122.534,122.539,122.486,122.493,-4.1,-0.03
4/5/2022 2:15,122.544,122.544,122.52,122.534,-1,-0.01
4/5/2022 2:10,122.546,122.56,122.537,122.539,-0.7,-0.01
4/5/2022 2:05,122.534,122.556,122.522,122.549,1.5,0.01
4/5/2022 2:00,122.556,122.56,122.526,122.537,-1.9,-0.02
4/5/2022 1:55,122.608,122.615,122.543,122.55,-5.8,-0.05
4/5/2022 1:50,122.606,122.636,122.596,122.613,0.7,0.01
4/5/2022 1:45,122.609,122.627,122.592,122.607,-0.2,0
4/5/2022 1:40,122.555,122.61,122.549,122.603,4.8,0.04
4/5/2022 1:35,122.524,122.576,122.524,122.55,2.6,0.02
4/5/2022 1:30,122.489,122.533,122.469,122.527,3.8,0.03
4/5/2022 1:25,122.516,122.55,122.476,122.494,-2.2,-0.02
4/5/2022 1:20,122.568,122.573,122.494,122.516,-5.2,-0.04
4/5/2022 1:15,122.584,122.591,122.548,122.565,-1.9,-0.02
4/5/2022 1:10,122.574,122.634,122.56,122.585,1.1,0.01
4/5/2022 1:05,122.546,122.592,122.523,122.573,2.7,0.02
4/5/2022 1:00,122.561,122.575,122.492,122.551,-1,-0.01
4/5/2022 0:55,122.555,122.579,122.5,122.563,0.8,0.01
4/5/2022 0:50,122.522,122.599,122.507,122.553,3.1,0.03
4/5/2022 0:45,122.649,122.649,122.375,122.523,-12.6,-0.1
4/5/2022 0:40,122.735,122.741,122.633,122.656,-7.9,-0.06
4/5/2022 0:35,122.781,122.787,122.715,122.734,-4.7,-0.04
4/5/2022 0:30,122.821,122.827,122.756,122.78,-4.1,-0.03
4/5/2022 0:25,122.799,122.86,122.788,122.818,1.9,0.02
4/5/2022 0:20,122.783,122.811,122.771,122.801,1.8,0.01
4/5/2022 0:15,122.793,122.811,122.773,122.786,-0.7,-0.01
4/5/2022 0:10,122.772,122.824,122.727,122.794,2.2,0.02
4/5/2022 0:05,122.725,122.795,122.689,122.771,4.6,0.04
4/5/2022 0:00,122.797,122.807,122.686,122.724,-7.3,-0.06
4/4/2022 23:55,122.781,122.814,122.77,122.799,1.8,0.01
4/4/2022 23:50,122.761,122.801,122.761,122.78,1.9,0.02
4/4/2022 23:45,122.775,122.775,122.751,122.763,-1.2,-0.01
4/4/2022 23:40,122.785,122.794,122.774,122.778,-0.7,-0.01
4/4/2022 23:35,122.793,122.795,122.781,122.785,-0.8,-0.01
4/4/2022 23:30,122.784,122.796,122.782,122.794,1,0.01
4/4/2022 23:25,122.783,122.81,122.783,122.786,0.3,0
4/4/2022 23:20,122.768,122.786,122.765,122.78,1.2,0.01
4/4/2022 23:15,122.796,122.8,122.765,122.769,-2.7,-0.02
4/4/2022 23:10,122.774,122.805,122.761,122.801,2.7,0.02
4/4/2022 23:05,122.75,122.778,122.744,122.775,2.5,0.02
4/4/2022 23:00,122.743,122.757,122.741,122.744,0.1,0
4/4/2022 22:55,122.742,122.746,122.737,122.738,-0.4,0
4/4/2022 22:50,122.743,122.753,122.739,122.74,-0.3,0
4/4/2022 22:45,122.741,122.754,122.735,122.743,0.2,0
4/4/2022 22:40,122.735,122.745,122.729,122.745,1,0.01
4/4/2022 22:35,122.753,122.756,122.735,122.74,-1.3,-0.01
4/4/2022 22:30,122.774,122.783,122.737,122.753,-2.1,-0.02
4/4/2022 22:25,122.769,122.787,122.762,122.777,0.8,0.01
4/4/2022 22:20,122.733,122.774,122.73,122.772,3.9,0.03
4/4/2022 22:15,122.751,122.757,122.726,122.731,-2,-0.02
4/4/2022 22:10,122.778,122.778,122.724,122.749,-2.9,-0.02
4/4/2022 22:05,122.78,122.786,122.775,122.775,-0.5,0
4/4/2022 22:00,122.787,122.794,122.78,122.783,-0.4,0
4/4/2022 21:55,122.783,122.787,122.778,122.784,0.1,0
4/4/2022 21:50,122.785,122.789,122.778,122.781,-0.4,0
4/4/2022 21:45,122.785,122.811,122.781,122.785,0,0
4/4/2022 21:40,122.784,122.794,122.78,122.788,0.4,0
4/4/2022 21:35,122.79,122.792,122.786,122.789,-0.1,0
4/4/2022 21:30,122.791,122.791,122.786,122.786,-0.5,0
4/4/2022 21:25,122.789,122.792,122.784,122.791,0.2,0
4/4/2022 21:20,122.78,122.794,122.778,122.788,0.8,0.01
4/4/2022 21:15,122.777,122.791,122.777,122.779,0.2,0
4/4/2022 21:10,122.769,122.778,122.764,122.772,0.3,0
4/4/2022 21:05,122.768,122.78,122.765,122.77,0.2,0
4/4/2022 21:00,122.772,122.773,122.749,122.773,0.1,0
4/4/2022 20:55,122.759,122.773,122.757,122.765,0.6,0
4/4/2022 20:50,122.762,122.77,122.754,122.757,-0.5,0
4/4/2022 20:45,122.748,122.771,122.741,122.763,1.5,0.01
4/4/2022 20:40,122.758,122.765,122.746,122.747,-1.1,-0.01
4/4/2022 20:35,122.747,122.759,122.746,122.755,0.8,0.01
4/4/2022 20:30,122.737,122.764,122.737,122.749,1.2,0.01
4/4/2022 20:25,122.746,122.752,122.731,122.738,-0.8,-0.01
4/4/2022 20:20,122.772,122.773,122.745,122.746,-2.6,-0.02
4/4/2022 20:15,122.779,122.786,122.764,122.775,-0.4,0
4/4/2022 20:10,122.775,122.793,122.774,122.78,0.5,0
4/4/2022 20:05,122.752,122.784,122.751,122.774,2.2,0.02
4/4/2022 20:00,122.762,122.772,122.744,122.751,-1.1,-0.01
4/4/2022 19:55,122.764,122.768,122.758,122.762,-0.2,0
4/4/2022 19:50,122.769,122.788,122.759,122.769,0,0
4/4/2022 19:45,122.785,122.803,122.766,122.766,-1.9,-0.02
4/4/2022 19:40,122.785,122.803,122.777,122.784,-0.1,0
4/4/2022 19:35,122.772,122.79,122.771,122.786,1.4,0.01
4/4/2022 19:30,122.792,122.801,122.771,122.771,-2.1,-0.02
4/4/2022 19:25,122.778,122.796,122.773,122.791,1.3,0.01
4/4/2022 19:20,122.766,122.794,122.757,122.782,1.6,0.01
4/4/2022 19:15,122.781,122.781,122.754,122.764,-1.7,-0.01
4/4/2022 19:10,122.8,122.812,122.764,122.78,-2,-0.02
4/4/2022 19:05,122.797,122.812,122.789,122.8,0.3,0
4/4/2022 19:00,122.809,122.835,122.79,122.801,-0.8,-0.01
4/4/2022 18:55,122.795,122.817,122.795,122.812,1.7,0.01
4/4/2022 18:50,122.792,122.815,122.77,122.796,0.4,0
4/4/2022 18:45,122.766,122.797,122.766,122.794,2.8,0.02
4/4/2022 18:40,122.762,122.78,122.754,122.765,0.3,0
4/4/2022 18:35,122.756,122.766,122.74,122.762,0.6,0
4/4/2022 18:30,122.753,122.774,122.751,122.758,0.5,0
4/4/2022 18:25,122.744,122.765,122.742,122.751,0.7,0.01
4/4/2022 18:20,122.758,122.766,122.74,122.74,-1.8,-0.01
4/4/2022 18:15,122.767,122.794,122.753,122.76,-0.7,-0.01
4/4/2022 18:10,122.766,122.779,122.758,122.77,0.4,0
4/4/2022 18:05,122.784,122.795,122.754,122.766,-1.8,-0.01
4/4/2022 18:00,122.788,122.805,122.777,122.785,-0.3,0
4/4/2022 17:55,122.787,122.796,122.769,122.787,0,0
4/4/2022 17:50,122.772,122.791,122.759,122.784,1.2,0.01
4/4/2022 17:45,122.773,122.783,122.759,122.773,0,0
4/4/2022 17:40,122.756,122.776,122.752,122.774,1.8,0.01
4/4/2022 17:35,122.77,122.775,122.752,122.759,-1.1,-0.01
4/4/2022 17:30,122.736,122.771,122.735,122.763,2.7,0.02
4/4/2022 17:25,122.721,122.74,122.714,122.736,1.5,0.01
4/4/2022 17:20,122.722,122.747,122.715,122.722,0,0
4/4/2022 17:15,122.707,122.725,122.677,122.722,1.5,0.01
4/4/2022 17:10,122.705,122.741,122.7,122.707,0.2,0
4/4/2022 17:05,122.73,122.733,122.703,122.704,-2.6,-0.02
4/4/2022 17:00,122.743,122.78,122.727,122.729,-1.4,-0.01
4/4/2022 16:55,122.77,122.773,122.729,122.749,-2.1,-0.02
4/4/2022 16:50,122.811,122.812,122.757,122.768,-4.3,-0.04
4/4/2022 16:45,122.783,122.818,122.78,122.807,2.4,0.02
4/4/2022 16:40,122.785,122.806,122.762,122.784,-0.1,0
4/4/2022 16:35,122.808,122.826,122.784,122.788,-2,-0.02
4/4/2022 16:30,122.776,122.812,122.776,122.804,2.8,0.02
4/4/2022 16:25,122.761,122.794,122.753,122.777,1.6,0.01
4/4/2022 16:20,122.775,122.794,122.756,122.756,-1.9,-0.02
4/4/2022 16:15,122.751,122.779,122.744,122.773,2.2,0.02
4/4/2022 16:10,122.772,122.78,122.741,122.753,-1.9,-0.02
4/4/2022 16:05,122.733,122.776,122.73,122.773,4,0.03
4/4/2022 16:00,122.723,122.742,122.702,122.733,1,0.01
4/4/2022 15:55,122.713,122.74,122.705,122.719,0.6,0
4/4/2022 15:50,122.73,122.733,122.697,122.715,-1.5,-0.01
4/4/2022 15:45,122.732,122.742,122.72,122.725,-0.7,-0.01
4/4/2022 15:40,122.691,122.735,122.691,122.733,4.2,0.03
4/4/2022 15:35,122.705,122.718,122.67,122.693,-1.2,-0.01
4/4/2022 15:30,122.725,122.728,122.675,122.694,-3.1,-0.03
4/4/2022 15:25,122.745,122.77,122.713,122.723,-2.2,-0.02
4/4/2022 15:20,122.745,122.754,122.725,122.743,-0.2,0
4/4/2022 15:15,122.73,122.766,122.72,122.745,1.5,0.01
4/4/2022 15:10,122.761,122.771,122.712,122.728,-3.3,-0.03
4/4/2022 15:05,122.717,122.776,122.711,122.772,5.5,0.04
4/4/2022 15:00,122.737,122.753,122.694,122.717,-2,-0.02
4/4/2022 14:55,122.715,122.752,122.699,122.737,2.2,0.02
4/4/2022 14:50,122.755,122.768,122.709,122.718,-3.7,-0.03
4/4/2022 14:45,122.789,122.795,122.715,122.752,-3.7,-0.03
4/4/2022 14:40,122.861,122.863,122.761,122.79,-7.1,-0.06
4/4/2022 14:35,122.89,122.904,122.836,122.861,-2.9,-0.02
4/4/2022 14:30,122.871,122.923,122.848,122.891,2,0.02
4/4/2022 14:25,122.866,122.884,122.829,122.872,0.6,0
4/4/2022 14:20,122.87,122.884,122.83,122.863,-0.7,-0.01
4/4/2022 14:15,122.897,122.904,122.847,122.872,-2.5,-0.02
4/4/2022 14:10,122.902,122.945,122.868,122.894,-0.8,-0.01
4/4/2022 14:05,122.81,122.958,122.81,122.898,8.8,0.07
4/4/2022 14:00,122.759,122.81,122.751,122.804,4.5,0.04
4/4/2022 13:55,122.726,122.763,122.72,122.755,2.9,0.02
4/4/2022 13:50,122.688,122.747,122.672,122.727,3.9,0.03
4/4/2022 13:45,122.716,122.733,122.67,122.69,-2.6,-0.02
4/4/2022 13:40,122.71,122.726,122.689,122.719,0.9,0.01
4/4/2022 13:35,122.742,122.781,122.694,122.71,-3.2,-0.03
4/4/2022 13:30,122.71,122.764,122.701,122.74,3,0.02
4/4/2022 13:25,122.721,122.739,122.69,122.715,-0.6,0
4/4/2022 13:20,122.713,122.731,122.688,122.721,0.8,0.01
4/4/2022 13:15,122.698,122.716,122.669,122.711,1.3,0.01
4/4/2022 13:10,122.655,122.716,122.644,122.699,4.4,0.04
4/4/2022 13:05,122.692,122.692,122.62,122.655,-3.7,-0.03
4/4/2022 13:00,122.633,122.69,122.63,122.688,5.5,0.04
4/4/2022 12:55,122.654,122.661,122.601,122.635,-1.9,-0.02
4/4/2022 12:50,122.656,122.675,122.649,122.65,-0.6,0
4/4/2022 12:45,122.658,122.686,122.655,122.658,0,0
4/4/2022 12:40,122.652,122.688,122.648,122.655,0.3,0
4/4/2022 12:35,122.7,122.706,122.65,122.653,-4.7,-0.04
4/4/2022 12:30,122.713,122.741,122.694,122.699,-1.4,-0.01
4/4/2022 12:25,122.706,122.726,122.695,122.716,1,0.01
4/4/2022 12:20,122.743,122.752,122.695,122.706,-3.7,-0.03
4/4/2022 12:15,122.739,122.751,122.712,122.748,0.9,0.01
4/4/2022 12:10,122.689,122.749,122.677,122.745,5.6,0.05
4/4/2022 12:05,122.72,122.744,122.669,122.688,-3.2,-0.03
4/4/2022 12:00,122.781,122.79,122.714,122.718,-6.3,-0.05
4/4/2022 11:55,122.793,122.801,122.754,122.785,-0.8,-0.01
4/4/2022 11:50,122.779,122.802,122.767,122.801,2.2,0.02
4/4/2022 11:45,122.778,122.798,122.766,122.778,0,0
4/4/2022 11:40,122.738,122.784,122.734,122.777,3.9,0.03
4/4/2022 11:35,122.741,122.75,122.714,122.743,0.2,0
4/4/2022 11:30,122.719,122.753,122.706,122.742,2.3,0.02
4/4/2022 11:25,122.717,122.738,122.706,122.717,0,0
4/4/2022 11:20,122.757,122.773,122.71,122.72,-3.7,-0.03
4/4/2022 11:15,122.781,122.781,122.739,122.751,-3,-0.02
4/4/2022 11:10,122.8,122.807,122.772,122.776,-2.4,-0.02
4/4/2022 11:05,122.76,122.802,122.758,122.796,3.6,0.03
4/4/2022 11:00,122.811,122.811,122.761,122.762,-4.9,-0.04
4/4/2022 10:55,122.739,122.836,122.734,122.811,7.2,0.06
4/4/2022 10:50,122.724,122.741,122.7,122.736,1.2,0.01
4/4/2022 10:45,122.749,122.766,122.718,122.718,-3.1,-0.03
4/4/2022 10:40,122.747,122.765,122.74,122.749,0.2,0
4/4/2022 10:35,122.679,122.75,122.679,122.745,6.6,0.05
4/4/2022 10:30,122.671,122.685,122.657,122.682,1.1,0.01
4/4/2022 10:25,122.667,122.687,122.657,122.669,0.2,0
4/4/2022 10:20,122.614,122.682,122.592,122.667,5.3,0.04
4/4/2022 10:15,122.622,122.63,122.594,122.611,-1.1,-0.01
4/4/2022 10:10,122.592,122.63,122.592,122.623,3.1,0.03
4/4/2022 10:05,122.577,122.605,122.57,122.595,1.8,0.01
4/4/2022 10:00,122.567,122.593,122.565,122.577,1,0.01
4/4/2022 9:55,122.594,122.61,122.564,122.571,-2.3,-0.02
4/4/2022 9:50,122.618,122.621,122.586,122.595,-2.3,-0.02
4/4/2022 9:45,122.594,122.628,122.586,122.613,1.9,0.02
4/4/2022 9:40,122.61,122.617,122.586,122.592,-1.8,-0.01
4/4/2022 9:35,122.631,122.636,122.606,122.614,-1.7,-0.01
4/4/2022 9:30,122.635,122.641,122.615,122.631,-0.4,0
4/4/2022 9:25,122.614,122.644,122.587,122.632,1.8,0.01
4/4/2022 9:20,122.617,122.622,122.584,122.61,-0.7,-0.01
4/4/2022 9:15,122.594,122.628,122.59,122.616,2.2,0.02
4/4/2022 9:10,122.614,122.632,122.594,122.598,-1.6,-0.01
4/4/2022 9:05,122.588,122.639,122.582,122.62,3.2,0.03
4/4/2022 9:00,122.627,122.627,122.557,122.593,-3.4,-0.03
4/4/2022 8:55,122.634,122.651,122.628,122.628,-0.6,0
4/4/2022 8:50,122.613,122.645,122.603,122.638,2.5,0.02
4/4/2022 8:45,122.594,122.62,122.59,122.613,1.9,0.02
4/4/2022 8:40,122.618,122.624,122.587,122.591,-2.7,-0.02
4/4/2022 8:35,122.59,122.636,122.59,122.621,3.1,0.03
4/4/2022 8:30,122.551,122.598,122.535,122.592,4.1,0.03
4/4/2022 8:25,122.56,122.566,122.519,122.554,-0.6,0
4/4/2022 8:20,122.557,122.6,122.55,122.564,0.7,0.01
4/4/2022 8:15,122.607,122.611,122.555,122.56,-4.7,-0.04
4/4/2022 8:10,122.595,122.626,122.573,122.604,0.9,0.01
4/4/2022 8:05,122.586,122.634,122.564,122.593,0.7,0.01
4/4/2022 8:00,122.649,122.651,122.509,122.587,-6.2,-0.05
4/4/2022 7:55,122.65,122.669,122.62,122.652,0.2,0
4/4/2022 7:50,122.595,122.65,122.589,122.645,5,0.04
4/4/2022 7:45,122.602,122.623,122.584,122.603,0.1,0
4/4/2022 7:40,122.615,122.621,122.577,122.6,-1.5,-0.01
4/4/2022 7:35,122.606,122.632,122.593,122.61,0.4,0
4/4/2022 7:30,122.543,122.628,122.543,122.608,6.5,0.05
4/4/2022 7:25,122.544,122.552,122.497,122.541,-0.3,0
4/4/2022 7:20,122.568,122.586,122.534,122.542,-2.6,-0.02
4/4/2022 7:15,122.547,122.567,122.531,122.561,1.4,0.01
4/4/2022 7:10,122.57,122.594,122.529,122.547,-2.3,-0.02
4/4/2022 7:05,122.61,122.628,122.55,122.573,-3.7,-0.03
4/4/2022 7:00,122.646,122.696,122.585,122.614,-3.2,-0.03
4/4/2022 6:55,122.669,122.685,122.633,122.643,-2.6,-0.02
4/4/2022 6:50,122.662,122.702,122.655,122.668,0.6,0
4/4/2022 6:45,122.66,122.67,122.642,122.663,0.3,0
4/4/2022 6:40,122.655,122.684,122.633,122.657,0.2,0
4/4/2022 6:35,122.691,122.691,122.628,122.651,-4,-0.03
4/4/2022 6:30,122.743,122.743,122.686,122.691,-5.2,-0.04
4/4/2022 6:25,122.717,122.743,122.706,122.739,2.2,0.02
4/4/2022 6:20,122.718,122.736,122.7,122.714,-0.4,0
4/4/2022 6:15,122.742,122.746,122.689,122.717,-2.5,-0.02
4/4/2022 6:10,122.787,122.801,122.717,122.745,-4.2,-0.03
4/4/2022 6:05,122.698,122.799,122.698,122.788,9,0.07
4/4/2022 6:00,122.665,122.754,122.661,122.7,3.5,0.03
4/4/2022 5:55,122.67,122.692,122.662,122.662,-0.8,-0.01
4/4/2022 5:50,122.644,122.682,122.639,122.665,2.1,0.02
4/4/2022 5:45,122.635,122.658,122.631,122.643,0.8,0.01
4/4/2022 5:40,122.644,122.652,122.615,122.635,-0.9,-0.01
4/4/2022 5:35,122.668,122.677,122.643,122.644,-2.4,-0.02
4/4/2022 5:30,122.65,122.676,122.65,122.668,1.8,0.01
4/4/2022 5:25,122.638,122.664,122.63,122.658,2,0.02
4/4/2022 5:20,122.625,122.646,122.611,122.633,0.8,0.01
4/4/2022 5:15,122.561,122.636,122.556,122.627,6.6,0.05
4/4/2022 5:10,122.568,122.591,122.551,122.558,-1,-0.01
4/4/2022 5:05,122.568,122.6,122.561,122.563,-0.5,0
4/4/2022 5:00,122.596,122.599,122.551,122.567,-2.9,-0.02
4/4/2022 4:55,122.582,122.61,122.566,122.594,1.2,0.01
4/4/2022 4:50,122.625,122.649,122.581,122.581,-4.4,-0.04
4/4/2022 4:45,122.607,122.627,122.592,122.625,1.8,0.01
4/4/2022 4:40,122.602,122.633,122.597,122.612,1,0.01
4/4/2022 4:35,122.628,122.652,122.578,122.603,-2.5,-0.02
4/4/2022 4:30,122.646,122.654,122.612,122.627,-1.9,-0.02
4/4/2022 4:25,122.619,122.667,122.615,122.651,3.2,0.03
4/4/2022 4:20,122.66,122.669,122.614,122.617,-4.3,-0.04
4/4/2022 4:15,122.672,122.702,122.643,122.659,-1.3,-0.01
4/4/2022 4:10,122.7,122.707,122.662,122.675,-2.5,-0.02
4/4/2022 4:05,122.757,122.757,122.689,122.704,-5.3,-0.04
4/4/2022 4:00,122.736,122.759,122.701,122.759,2.3,0.02
4/4/2022 3:55,122.679,122.776,122.674,122.738,5.9,0.05
4/4/2022 3:50,122.682,122.687,122.647,122.681,-0.1,0
4/4/2022 3:45,122.661,122.69,122.655,122.682,2.1,0.02
4/4/2022 3:40,122.644,122.662,122.642,122.658,1.4,0.01
4/4/2022 3:35,122.68,122.685,122.633,122.647,-3.3,-0.03
4/4/2022 3:30,122.628,122.689,122.626,122.678,5,0.04
4/4/2022 3:25,122.627,122.64,122.623,122.629,0.2,0
4/4/2022 3:20,122.638,122.639,122.619,122.62,-1.8,-0.01
4/4/2022 3:15,122.617,122.644,122.611,122.638,2.1,0.02
4/4/2022 3:10,122.634,122.647,122.616,122.62,-1.4,-0.01
4/4/2022 3:05,122.647,122.657,122.63,122.632,-1.5,-0.01
4/4/2022 3:00,122.66,122.677,122.635,122.649,-1.1,-0.01
4/4/2022 2:55,122.678,122.694,122.656,122.658,-2,-0.02
4/4/2022 2:50,122.664,122.706,122.663,122.681,1.7,0.01
4/4/2022 2:45,122.677,122.681,122.649,122.669,-0.8,-0.01
4/4/2022 2:40,122.588,122.69,122.588,122.678,9,0.07
4/4/2022 2:35,122.609,122.616,122.572,122.591,-1.8,-0.01
4/4/2022 2:30,122.605,122.609,122.584,122.604,-0.1,0
4/4/2022 2:25,122.591,122.608,122.572,122.608,1.7,0.01
4/4/2022 2:20,122.634,122.634,122.588,122.591,-4.3,-0.04
4/4/2022 2:15,122.625,122.645,122.612,122.629,0.4,0
4/4/2022 2:10,122.587,122.671,122.581,122.625,3.8,0.03
4/4/2022 2:05,122.626,122.628,122.572,122.59,-3.6,-0.03
4/4/2022 2:00,122.574,122.632,122.562,122.629,5.5,0.04
4/4/2022 1:55,122.514,122.582,122.514,122.575,6.1,0.05
4/4/2022 1:50,122.531,122.546,122.512,122.517,-1.4,-0.01
4/4/2022 1:45,122.498,122.538,122.485,122.531,3.3,0.03
4/4/2022 1:40,122.445,122.525,122.44,122.501,5.6,0.05
4/4/2022 1:35,122.463,122.498,122.437,122.446,-1.7,-0.01
4/4/2022 1:30,122.434,122.472,122.392,122.462,2.8,0.02
4/4/2022 1:25,122.411,122.462,122.399,122.433,2.2,0.02
4/4/2022 1:20,122.483,122.485,122.406,122.406,-7.7,-0.06
4/4/2022 1:15,122.492,122.512,122.473,122.484,-0.8,-0.01
4/4/2022 1:10,122.474,122.513,122.443,122.495,2.1,0.02
4/4/2022 1:05,122.434,122.465,122.431,122.461,2.7,0.02
4/4/2022 1:00,122.404,122.449,122.38,122.434,3,0.02
4/4/2022 0:55,122.413,122.44,122.358,122.4,-1.3,-0.01
4/4/2022 0:50,122.348,122.437,122.292,122.419,7.1,0.06
4/4/2022 0:45,122.377,122.378,122.326,122.347,-3,-0.02
4/4/2022 0:40,122.344,122.393,122.315,122.378,3.4,0.03
4/4/2022 0:35,122.393,122.395,122.297,122.343,-5,-0.04
4/4/2022 0:30,122.373,122.405,122.355,122.394,2.1,0.02
4/4/2022 0:25,122.317,122.384,122.299,122.375,5.8,0.05
4/4/2022 0:20,122.321,122.367,122.264,122.32,-0.1,0
4/4/2022 0:15,122.466,122.479,122.306,122.325,-14.1,-0.12
4/4/2022 0:10,122.479,122.501,122.461,122.463,-1.6,-0.01
4/4/2022 0:05,122.484,122.499,122.438,122.478,-0.6,0
4/4/2022 0:00,122.633,122.634,122.462,122.483,-15,-0.12
4/3/2022 23:55,122.595,122.641,122.587,122.632,3.7,0.03
4/3/2022 23:50,122.624,122.624,122.584,122.597,-2.7,-0.02
4/3/2022 23:45,122.665,122.665,122.604,122.621,-4.4,-0.04
4/3/2022 23:40,122.659,122.692,122.657,122.665,0.6,0
4/3/2022 23:35,122.584,122.671,122.584,122.658,7.4,0.06
4/3/2022 23:30,122.617,122.618,122.58,122.585,-3.2,-0.03
4/3/2022 23:25,122.603,122.622,122.587,122.619,1.6,0.01
4/3/2022 23:20,122.617,122.617,122.583,122.6,-1.7,-0.01
4/3/2022 23:15,122.601,122.64,122.599,122.616,1.5,0.01
4/3/2022 23:10,122.633,122.637,122.599,122.604,-2.9,-0.02
4/3/2022 23:05,122.596,122.642,122.593,122.631,3.5,0.03
4/3/2022 23:00,122.659,122.68,122.583,122.598,-6.1,-0.05
4/3/2022 22:55,122.653,122.671,122.623,122.656,0.3,0
4/3/2022 22:50,122.666,122.685,122.648,122.654,-1.2,-0.01
4/3/2022 22:45,122.663,122.683,122.659,122.662,-0.1,0
4/3/2022 22:40,122.673,122.71,122.658,122.665,-0.8,-0.01
4/3/2022 22:35,122.725,122.732,122.669,122.677,-4.8,-0.04
4/3/2022 22:30,122.703,122.724,122.662,122.72,1.7,0.01
4/3/2022 22:25,122.633,122.728,122.614,122.706,7.3,0.06
4/3/2022 22:20,122.623,122.656,122.583,122.633,1,0.01
4/3/2022 22:15,122.69,122.691,122.619,122.626,-6.4,-0.05
4/3/2022 22:10,122.685,122.73,122.647,122.694,0.9,0.01
4/3/2022 22:05,122.698,122.698,122.678,122.69,-0.8,-0.01
4/3/2022 22:00,122.543,122.707,122.543,122.701,15.8,0.13
4/3/2022 21:55,122.58,122.581,122.489,122.541,-3.9,-0.03
4/3/2022 21:50,122.576,122.591,122.575,122.578,0.2,0
4/3/2022 21:45,122.582,122.582,122.575,122.579,-0.3,0
4/3/2022 21:40,122.576,122.59,122.576,122.59,1.4,0.01
4/3/2022 21:35,122.578,122.581,122.575,122.576,-0.2,0
4/3/2022 21:30,122.576,122.581,122.575,122.576,0,0
4/3/2022 21:25,122.592,122.593,122.567,122.579,-1.3,-0.01
4/3/2022 21:20,122.613,122.613,122.593,122.595,-1.8,-0.01
4/3/2022 21:15,122.613,122.615,122.612,122.614,0.1,0
4/3/2022 21:05,122.599,122.618,122.596,122.613,1.4,0.01
4/3/2022 21:00,122.587,122.657,122.587,122.629,4.2,0.03
4/1/2022 20:50,122.509,122.559,122.5,122.552,4.3,0.04
4/1/2022 20:45,122.535,122.549,122.508,122.508,-2.7,-0.02
4/1/2022 20:40,122.523,122.54,122.512,122.539,1.6,0.01
4/1/2022 20:35,122.49,122.525,122.488,122.523,3.3,0.03
4/1/2022 20:30,122.467,122.5,122.467,122.492,2.5,0.02
4/1/2022 20:25,122.497,122.499,122.457,122.468,-2.9,-0.02
4/1/2022 20:20,122.493,122.498,122.491,122.494,0.1,0
4/1/2022 20:15,122.491,122.495,122.489,122.495,0.4,0
4/1/2022 20:10,122.498,122.498,122.486,122.489,-0.9,-0.01
4/1/2022 20:05,122.513,122.521,122.503,122.503,-1,-0.01
4/1/2022 20:00,122.538,122.539,122.495,122.511,-2.7,-0.02
4/1/2022 19:55,122.527,122.553,122.514,122.538,1.1,0.01
4/1/2022 19:50,122.512,122.533,122.501,122.528,1.6,0.01
4/1/2022 19:45,122.501,122.521,122.497,122.509,0.8,0.01
4/1/2022 19:40,122.513,122.513,122.494,122.503,-1,-0.01
4/1/2022 19:35,122.515,122.523,122.512,122.515,0,0
4/1/2022 19:30,122.497,122.52,122.497,122.511,1.4,0.01
4/1/2022 19:25,122.486,122.503,122.466,122.498,1.2,0.01
4/1/2022 19:20,122.47,122.497,122.461,122.487,1.7,0.01
4/1/2022 19:15,122.544,122.549,122.472,122.473,-7.1,-0.06
4/1/2022 19:10,122.572,122.584,122.535,122.542,-3,-0.02
4/1/2022 19:05,122.588,122.589,122.559,122.573,-1.5,-0.01
4/1/2022 19:00,122.62,122.62,122.585,122.587,-3.3,-0.03
4/1/2022 18:55,122.602,122.622,122.584,122.62,1.8,0.01
4/1/2022 18:50,122.603,122.612,122.601,122.602,-0.1,0
4/1/2022 18:45,122.607,122.614,122.593,122.6,-0.7,-0.01
4/1/2022 18:40,122.628,122.635,122.607,122.607,-2.1,-0.02
4/1/2022 18:35,122.618,122.631,122.612,122.631,1.3,0.01
4/1/2022 18:30,122.637,122.642,122.612,122.616,-2.1,-0.02
4/1/2022 18:25,122.648,122.651,122.624,122.641,-0.7,-0.01
4/1/2022 18:20,122.617,122.654,122.609,122.644,2.7,0.02
4/1/2022 18:15,122.624,122.651,122.603,122.616,-0.8,-0.01
4/1/2022 18:10,122.628,122.636,122.622,122.628,0,0
4/1/2022 18:05,122.579,122.638,122.577,122.625,4.6,0.04
4/1/2022 18:00,122.572,122.593,122.558,122.584,1.2,0.01
4/1/2022 17:55,122.537,122.58,122.529,122.574,3.7,0.03
4/1/2022 17:50,122.55,122.571,122.53,122.536,-1.4,-0.01
4/1/2022 17:45,122.569,122.57,122.544,122.552,-1.7,-0.01
4/1/2022 17:40,122.584,122.593,122.564,122.57,-1.4,-0.01
4/1/2022 17:35,122.527,122.589,122.512,122.584,5.7,0.05
4/1/2022 17:30,122.535,122.564,122.526,122.528,-0.7,-0.01
4/1/2022 17:25,122.503,122.54,122.5,122.532,2.9,0.02
4/1/2022 17:20,122.507,122.533,122.485,122.506,-0.1,0
4/1/2022 17:15,122.545,122.545,122.48,122.504,-4.1,-0.03
4/1/2022 17:10,122.51,122.547,122.504,122.539,2.9,0.02
4/1/2022 17:05,122.511,122.562,122.506,122.51,-0.1,0
4/1/2022 17:00,122.567,122.577,122.499,122.509,-5.8,-0.05
4/1/2022 16:55,122.542,122.584,122.534,122.573,3.1,0.03
4/1/2022 16:50,122.572,122.585,122.537,122.537,-3.5,-0.03
4/1/2022 16:45,122.582,122.582,122.534,122.575,-0.7,-0.01
4/1/2022 16:40,122.545,122.579,122.533,122.578,3.3,0.03
4/1/2022 16:35,122.558,122.567,122.518,122.549,-0.9,-0.01
4/1/2022 16:30,122.619,122.619,122.551,122.559,-6,-0.05
4/1/2022 16:25,122.588,122.621,122.585,122.621,3.3,0.03
4/1/2022 16:20,122.581,122.602,122.554,122.587,0.6,0
4/1/2022 16:15,122.608,122.63,122.584,122.584,-2.4,-0.02
4/1/2022 16:10,122.586,122.63,122.586,122.605,1.9,0.02
4/1/2022 16:05,122.605,122.608,122.58,122.589,-1.6,-0.01
4/1/2022 16:00,122.601,122.613,122.55,122.603,0.2,0
4/1/2022 15:55,122.64,122.641,122.553,122.6,-4,-0.03
4/1/2022 15:50,122.646,122.678,122.596,122.637,-0.9,-0.01
4/1/2022 15:45,122.673,122.689,122.643,122.65,-2.3,-0.02
4/1/2022 15:40,122.75,122.757,122.666,122.667,-8.3,-0.07
4/1/2022 15:35,122.809,122.814,122.728,122.749,-6,-0.05
4/1/2022 15:30,122.809,122.83,122.804,122.808,-0.1,0
4/1/2022 15:25,122.792,122.812,122.749,122.811,1.9,0.02
4/1/2022 15:20,122.846,122.851,122.762,122.789,-5.7,-0.05
4/1/2022 15:15,122.872,122.884,122.815,122.843,-2.9,-0.02
4/1/2022 15:10,122.937,122.946,122.859,122.875,-6.2,-0.05
4/1/2022 15:05,122.895,122.94,122.883,122.938,4.3,0.03
4/1/2022 15:00,122.838,122.909,122.826,122.895,5.7,0.05
4/1/2022 14:55,122.844,122.87,122.821,122.837,-0.7,-0.01
4/1/2022 14:50,122.826,122.876,122.806,122.843,1.7,0.01
4/1/2022 14:45,122.882,122.899,122.806,122.82,-6.2,-0.05
4/1/2022 14:40,122.883,122.921,122.858,122.882,-0.1,0
4/1/2022 14:35,122.948,122.95,122.862,122.88,-6.8,-0.06
4/1/2022 14:30,122.92,122.977,122.92,122.95,3,0.02
4/1/2022 14:25,122.859,122.918,122.857,122.916,5.7,0.05
4/1/2022 14:20,122.807,122.861,122.805,122.861,5.4,0.04
4/1/2022 14:15,122.815,122.874,122.805,122.806,-0.9,-0.01
4/1/2022 14:10,122.831,122.856,122.8,122.82,-1.1,-0.01
4/1/2022 14:05,122.907,122.924,122.808,122.822,-8.5,-0.07
4/1/2022 14:00,122.927,123.037,122.887,122.912,-1.5,-0.01
4/1/2022 13:55,122.971,122.998,122.915,122.947,-2.4,-0.02
4/1/2022 13:50,122.905,122.999,122.901,122.97,6.5,0.05
4/1/2022 13:45,122.923,122.944,122.874,122.897,-2.6,-0.02
4/1/2022 13:40,122.911,122.966,122.897,122.926,1.5,0.01
4/1/2022 13:35,122.951,122.982,122.895,122.906,-4.5,-0.04
4/1/2022 13:30,122.996,123,122.934,122.952,-4.4,-0.04
4/1/2022 13:25,122.933,122.988,122.921,122.983,5,0.04
4/1/2022 13:20,122.8,122.95,122.8,122.932,13.2,0.11
4/1/2022 13:15,122.736,122.803,122.734,122.796,6,0.05
4/1/2022 13:10,122.71,122.782,122.709,122.741,3.1,0.03
4/1/2022 13:05,122.688,122.729,122.622,122.709,2.1,0.02
4/1/2022 13:00,122.8,122.803,122.689,122.689,-11.1,-0.09
4/1/2022 12:55,122.767,122.822,122.765,122.801,3.4,0.03
4/1/2022 12:50,122.705,122.76,122.687,122.758,5.3,0.04
4/1/2022 12:45,122.777,122.778,122.664,122.707,-7,-0.06
4/1/2022 12:40,122.77,122.778,122.714,122.775,0.5,0
4/1/2022 12:35,122.629,122.791,122.616,122.769,14,0.11
4/1/2022 12:30,122.571,122.739,122.493,122.633,6.2,0.05
4/1/2022 12:25,122.536,122.588,122.506,122.573,3.7,0.03
4/1/2022 12:20,122.502,122.543,122.485,122.536,3.4,0.03
4/1/2022 12:15,122.468,122.509,122.458,122.496,2.8,0.02
4/1/2022 12:10,122.497,122.497,122.452,122.468,-2.9,-0.02
4/1/2022 12:05,122.491,122.518,122.48,122.497,0.6,0
4/1/2022 12:00,122.456,122.5,122.444,122.493,3.7,0.03
4/1/2022 11:55,122.435,122.467,122.424,122.454,1.9,0.02
4/1/2022 11:50,122.422,122.455,122.421,122.434,1.2,0.01
4/1/2022 11:45,122.389,122.444,122.389,122.423,3.4,0.03
4/1/2022 11:40,122.467,122.471,122.39,122.394,-7.3,-0.06
4/1/2022 11:35,122.47,122.5,122.458,122.468,-0.2,0
4/1/2022 11:30,122.463,122.485,122.451,122.467,0.4,0
4/1/2022 11:25,122.45,122.489,122.45,122.46,1,0.01
4/1/2022 11:20,122.452,122.484,122.438,122.452,0,0
4/1/2022 11:15,122.457,122.475,122.442,122.45,-0.7,-0.01
4/1/2022 11:10,122.416,122.47,122.416,122.46,4.4,0.04
4/1/2022 11:05,122.424,122.433,122.389,122.42,-0.4,0
4/1/2022 11:00,122.432,122.461,122.41,122.424,-0.8,-0.01
4/1/2022 10:55,122.41,122.435,122.404,122.43,2,0.02
4/1/2022 10:50,122.383,122.433,122.383,122.406,2.3,0.02
4/1/2022 10:45,122.389,122.397,122.361,122.385,-0.4,0
4/1/2022 10:40,122.359,122.408,122.355,122.39,3.1,0.03
4/1/2022 10:35,122.34,122.407,122.34,122.357,1.7,0.01
4/1/2022 10:30,122.401,122.413,122.337,122.34,-6.1,-0.05
4/1/2022 10:25,122.415,122.416,122.356,122.395,-2,-0.02
4/1/2022 10:20,122.39,122.426,122.362,122.411,2.1,0.02
4/1/2022 10:15,122.426,122.427,122.37,122.394,-3.2,-0.03
4/1/2022 10:10,122.45,122.485,122.416,122.42,-3,-0.02
4/1/2022 10:05,122.498,122.498,122.454,122.455,-4.3,-0.04
4/1/2022 10:00,122.452,122.496,122.45,122.495,4.3,0.04
4/1/2022 9:55,122.443,122.463,122.423,122.453,1,0.01
4/1/2022 9:50,122.434,122.457,122.403,122.441,0.7,0.01
4/1/2022 9:45,122.424,122.434,122.381,122.434,1,0.01
4/1/2022 9:40,122.416,122.437,122.369,122.428,1.2,0.01
4/1/2022 9:35,122.464,122.47,122.402,122.42,-4.4,-0.04
4/1/2022 9:30,122.488,122.539,122.451,122.462,-2.6,-0.02
4/1/2022 9:25,122.481,122.502,122.455,122.488,0.7,0.01
4/1/2022 9:20,122.419,122.488,122.415,122.482,6.3,0.05
4/1/2022 9:15,122.426,122.456,122.393,122.419,-0.7,-0.01
4/1/2022 9:10,122.389,122.435,122.362,122.425,3.6,0.03
4/1/2022 9:05,122.503,122.503,122.383,122.39,-11.3,-0.09
4/1/2022 9:00,122.568,122.569,122.492,122.503,-6.5,-0.05
4/1/2022 8:55,122.521,122.597,122.519,122.571,5,0.04
4/1/2022 8:50,122.579,122.581,122.519,122.527,-5.2,-0.04
4/1/2022 8:45,122.533,122.578,122.528,122.578,4.5,0.04
4/1/2022 8:40,122.51,122.543,122.483,122.537,2.7,0.02
4/1/2022 8:35,122.583,122.602,122.503,122.509,-7.4,-0.06
4/1/2022 8:30,122.548,122.587,122.511,122.582,3.4,0.03
4/1/2022 8:25,122.592,122.614,122.527,122.552,-4,-0.03
4/1/2022 8:20,122.7,122.701,122.585,122.591,-10.9,-0.09
4/1/2022 8:15,122.697,122.763,122.69,122.698,0.1,0
4/1/2022 8:10,122.681,122.699,122.639,122.693,1.2,0.01
4/1/2022 8:05,122.657,122.695,122.642,122.686,2.9,0.02
4/1/2022 8:00,122.627,122.726,122.622,122.651,2.4,0.02
4/1/2022 7:55,122.504,122.643,122.5,122.628,12.4,0.1
4/1/2022 7:50,122.484,122.513,122.426,122.505,2.1,0.02
4/1/2022 7:45,122.506,122.527,122.483,122.484,-2.2,-0.02
4/1/2022 7:40,122.499,122.559,122.466,122.509,1,0.01
4/1/2022 7:35,122.565,122.584,122.476,122.5,-6.5,-0.05
4/1/2022 7:30,122.612,122.625,122.556,122.563,-4.9,-0.04
4/1/2022 7:25,122.62,122.647,122.597,122.613,-0.7,-0.01
4/1/2022 7:20,122.602,122.64,122.58,122.617,1.5,0.01
4/1/2022 7:15,122.541,122.626,122.541,122.6,5.9,0.05
4/1/2022 7:10,122.482,122.553,122.477,122.546,6.4,0.05
4/1/2022 7:05,122.521,122.525,122.459,122.475,-4.6,-0.04
4/1/2022 7:00,122.471,122.536,122.429,122.521,5,0.04
4/1/2022 6:55,122.456,122.489,122.44,122.467,1.1,0.01
4/1/2022 6:50,122.377,122.456,122.377,122.454,7.7,0.06
4/1/2022 6:45,122.374,122.378,122.334,122.374,0,0
4/1/2022 6:40,122.39,122.408,122.343,122.372,-1.8,-0.01
4/1/2022 6:35,122.393,122.401,122.353,122.39,-0.3,0
4/1/2022 6:30,122.356,122.404,122.34,122.39,3.4,0.03
4/1/2022 6:25,122.28,122.381,122.279,122.356,7.6,0.06
4/1/2022 6:20,122.282,122.327,122.244,122.281,-0.1,0
4/1/2022 6:15,122.342,122.348,122.269,122.284,-5.8,-0.05
4/1/2022 6:10,122.282,122.346,122.282,122.344,6.2,0.05
4/1/2022 6:05,122.323,122.328,122.257,122.285,-3.8,-0.03
4/1/2022 6:00,122.394,122.394,122.273,122.327,-6.7,-0.05
4/1/2022 5:55,122.387,122.404,122.359,122.391,0.4,0
4/1/2022 5:50,122.41,122.41,122.373,122.389,-2.1,-0.02
4/1/2022 5:45,122.379,122.409,122.358,122.409,3,0.02
4/1/2022 5:40,122.443,122.45,122.336,122.38,-6.3,-0.05
4/1/2022 5:35,122.402,122.474,122.399,122.439,3.7,0.03
4/1/2022 5:30,122.525,122.526,122.381,122.405,-12,-0.1
4/1/2022 5:25,122.521,122.553,122.508,122.523,0.2,0
4/1/2022 5:20,122.529,122.532,122.507,122.521,-0.8,-0.01
4/1/2022 5:15,122.589,122.591,122.528,122.531,-5.8,-0.05
4/1/2022 5:10,122.599,122.62,122.566,122.589,-1,-0.01
4/1/2022 5:05,122.642,122.653,122.581,122.6,-4.2,-0.03
4/1/2022 5:00,122.599,122.645,122.57,122.645,4.6,0.04
4/1/2022 4:55,122.512,122.597,122.491,122.597,8.5,0.07
4/1/2022 4:50,122.538,122.554,122.493,122.515,-2.3,-0.02
4/1/2022 4:45,122.507,122.543,122.507,122.541,3.4,0.03
4/1/2022 4:40,122.504,122.529,122.444,122.504,0,0
4/1/2022 4:35,122.588,122.589,122.504,122.505,-8.3,-0.07
4/1/2022 4:30,122.551,122.592,122.535,122.591,4,0.03
4/1/2022 4:25,122.544,122.567,122.537,122.556,1.2,0.01
4/1/2022 4:20,122.504,122.571,122.475,122.541,3.7,0.03
4/1/2022 4:15,122.526,122.53,122.455,122.503,-2.3,-0.02
4/1/2022 4:10,122.553,122.554,122.493,122.527,-2.6,-0.02
4/1/2022 4:05,122.595,122.613,122.537,122.551,-4.4,-0.04
4/1/2022 4:00,122.63,122.631,122.451,122.591,-3.9,-0.03
4/1/2022 3:55,122.645,122.645,122.623,122.632,-1.3,-0.01
4/1/2022 3:50,122.645,122.659,122.605,122.642,-0.3,0
4/1/2022 3:45,122.653,122.686,122.628,122.644,-0.9,-0.01
4/1/2022 3:40,122.696,122.722,122.649,122.651,-4.5,-0.04
4/1/2022 3:35,122.667,122.713,122.651,122.7,3.3,0.03
4/1/2022 3:30,122.619,122.668,122.605,122.663,4.4,0.04
4/1/2022 3:25,122.661,122.661,122.6,122.617,-4.4,-0.04
4/1/2022 3:20,122.695,122.702,122.655,122.666,-2.9,-0.02
4/1/2022 3:15,122.622,122.706,122.58,122.692,7,0.06
4/1/2022 3:10,122.637,122.641,122.585,122.624,-1.3,-0.01
4/1/2022 3:05,122.677,122.681,122.594,122.634,-4.3,-0.04
4/1/2022 3:00,122.654,122.73,122.641,122.673,1.9,0.02
4/1/2022 2:55,122.578,122.69,122.574,122.653,7.5,0.06
4/1/2022 2:50,122.496,122.633,122.489,122.579,8.3,0.07
4/1/2022 2:45,122.525,122.564,122.479,122.495,-3,-0.02
4/1/2022 2:40,122.384,122.522,122.368,122.52,13.6,0.11
4/1/2022 2:35,122.436,122.436,122.367,122.386,-5,-0.04
4/1/2022 2:30,122.339,122.439,122.338,122.436,9.7,0.08
4/1/2022 2:25,122.311,122.37,122.31,122.336,2.5,0.02
4/1/2022 2:20,122.287,122.322,122.275,122.315,2.8,0.02
4/1/2022 2:15,122.305,122.344,122.281,122.285,-2,-0.02
4/1/2022 2:10,122.336,122.352,122.296,122.305,-3.1,-0.03
4/1/2022 2:05,122.351,122.386,122.324,122.336,-1.5,-0.01
4/1/2022 2:00,122.338,122.424,122.319,122.353,1.5,0.01
4/1/2022 1:55,122.295,122.378,122.293,122.335,4,0.03
4/1/2022 1:50,122.211,122.313,122.195,122.291,8,0.07
4/1/2022 1:45,122.161,122.215,122.158,122.212,5.1,0.04
4/1/2022 1:40,122.135,122.163,122.121,122.159,2.4,0.02
4/1/2022 1:35,122.197,122.203,122.134,122.141,-5.6,-0.05
4/1/2022 1:30,122.209,122.233,122.17,122.196,-1.3,-0.01
4/1/2022 1:25,122.198,122.225,122.162,122.211,1.3,0.01
4/1/2022 1:20,122.114,122.231,122.099,122.201,8.7,0.07
4/1/2022 1:15,122.129,122.129,122.076,122.115,-1.4,-0.01
4/1/2022 1:10,122.106,122.143,122.096,122.13,2.4,0.02
4/1/2022 1:05,122.163,122.186,122.098,122.108,-5.5,-0.05
4/1/2022 1:00,122.12,122.207,122.077,122.167,4.7,0.04
4/1/2022 0:55,122.163,122.188,122.102,122.12,-4.3,-0.04
4/1/2022 0:50,121.97,122.196,121.968,122.161,19.1,0.16
4/1/2022 0:45,121.973,122,121.947,121.972,-0.1,0
4/1/2022 0:40,121.99,122.02,121.968,121.972,-1.8,-0.01
4/1/2022 0:35,122.011,122.052,121.988,121.989,-2.2,-0.02
4/1/2022 0:30,121.965,122.028,121.944,122.014,4.9,0.04
4/1/2022 0:25,121.948,121.989,121.936,121.965,1.7,0.01
4/1/2022 0:20,121.921,121.961,121.915,121.95,2.9,0.02
4/1/2022 0:15,121.896,121.954,121.888,121.918,2.2,0.02
4/1/2022 0:10,121.901,121.92,121.847,121.898,-0.3,0
4/1/2022 0:05,121.82,121.957,121.82,121.906,8.6,0.07
4/1/2022 0:00,121.74,121.823,121.74,121.814,7.4,0.06
3/31/2022 23:55,121.777,121.78,121.738,121.741,-3.6,-0.03
3/31/2022 23:50,121.796,121.8,121.764,121.781,-1.5,-0.01
3/31/2022 23:45,121.834,121.835,121.786,121.794,-4,-0.03
3/31/2022 23:40,121.824,121.844,121.817,121.833,0.9,0.01
3/31/2022 23:35,121.829,121.849,121.814,121.826,-0.3,0
3/31/2022 23:30,121.857,121.874,121.823,121.827,-3,-0.02
3/31/2022 23:25,121.846,121.906,121.838,121.862,1.6,0.01
3/31/2022 23:20,121.855,121.859,121.832,121.85,-0.5,0
3/31/2022 23:15,121.819,121.855,121.819,121.854,3.5,0.03
3/31/2022 23:10,121.814,121.831,121.792,121.816,0.2,0
3/31/2022 23:05,121.774,121.817,121.77,121.815,4.1,0.03
3/31/2022 23:00,121.752,121.776,121.751,121.776,2.4,0.02
3/31/2022 22:55,121.722,121.759,121.722,121.755,3.3,0.03
3/31/2022 22:50,121.737,121.747,121.713,121.724,-1.3,-0.01
3/31/2022 22:45,121.749,121.771,121.735,121.735,-1.4,-0.01
3/31/2022 22:40,121.722,121.76,121.721,121.75,2.8,0.02
3/31/2022 22:35,121.721,121.739,121.706,121.721,0,0
3/31/2022 22:30,121.719,121.759,121.701,121.721,0.2,0
3/31/2022 22:25,121.722,121.728,121.688,121.719,-0.3,0
3/31/2022 22:20,121.798,121.806,121.72,121.724,-7.4,-0.06
3/31/2022 22:15,121.786,121.815,121.78,121.798,1.2,0.01
3/31/2022 22:10,121.79,121.803,121.78,121.795,0.5,0
3/31/2022 22:05,121.801,121.803,121.771,121.787,-1.4,-0.01
3/31/2022 22:00,121.667,121.809,121.667,121.799,13.2,0.11
3/31/2022 21:55,121.711,121.715,121.672,121.677,-3.4,-0.03
3/31/2022 21:50,121.701,121.708,121.701,121.708,0.7,0.01
3/31/2022 21:45,121.713,121.714,121.708,121.708,-0.5,0
3/31/2022 21:40,121.701,121.714,121.701,121.712,1.1,0.01
3/31/2022 21:35,121.699,121.701,121.699,121.701,0.2,0
3/31/2022 21:30,121.698,121.711,121.697,121.702,0.4,0
3/31/2022 21:25,121.698,121.701,121.696,121.696,-0.2,0
3/31/2022 21:20,121.697,121.703,121.694,121.694,-0.3,0
3/31/2022 21:15,121.697,121.709,121.674,121.698,0.1,0
3/31/2022 21:10,121.646,121.701,121.646,121.697,5.1,0.04
3/31/2022 21:05,121.657,121.657,121.639,121.645,-1.2,-0.01
3/31/2022 21:00,121.61,121.689,121.61,121.642,3.2,0.03
3/31/2022 20:55,121.704,121.712,121.688,121.692,-1.2,-0.01
3/31/2022 20:50,121.706,121.716,121.697,121.705,-0.1,0
3/31/2022 20:45,121.726,121.726,121.704,121.705,-2.1,-0.02
3/31/2022 20:40,121.709,121.723,121.709,121.722,1.3,0.01
3/31/2022 20:35,121.723,121.724,121.709,121.711,-1.2,-0.01
3/31/2022 20:30,121.74,121.74,121.716,121.72,-2,-0.02
3/31/2022 20:25,121.714,121.745,121.714,121.742,2.8,0.02
3/31/2022 20:20,121.681,121.71,121.681,121.71,2.9,0.02
3/31/2022 20:15,121.687,121.701,121.679,121.682,-0.5,0
3/31/2022 20:10,121.716,121.716,121.676,121.684,-3.2,-0.03
3/31/2022 20:05,121.731,121.733,121.707,121.717,-1.4,-0.01
3/31/2022 20:00,121.717,121.775,121.706,121.729,1.2,0.01
3/31/2022 19:55,121.704,121.768,121.673,121.722,1.8,0.01
3/31/2022 19:50,121.685,121.717,121.677,121.703,1.8,0.01
3/31/2022 19:45,121.713,121.714,121.676,121.683,-3,-0.02
3/31/2022 19:40,121.669,121.713,121.667,121.712,4.3,0.04
3/31/2022 19:35,121.678,121.684,121.653,121.67,-0.8,-0.01
3/31/2022 19:30,121.652,121.692,121.651,121.68,2.8,0.02
3/31/2022 19:25,121.648,121.648,121.631,121.647,-0.1,0
3/31/2022 19:20,121.656,121.659,121.644,121.651,-0.5,0
3/31/2022 19:15,121.614,121.661,121.613,121.655,4.1,0.03
3/31/2022 19:10,121.571,121.622,121.569,121.616,4.5,0.04
3/31/2022 19:05,121.593,121.6,121.569,121.57,-2.3,-0.02
3/31/2022 19:00,121.604,121.616,121.589,121.593,-1.1,-0.01
3/31/2022 18:55,121.554,121.611,121.527,121.604,5,0.04
3/31/2022 18:50,121.538,121.553,121.528,121.552,1.4,0.01
3/31/2022 18:45,121.58,121.58,121.534,121.538,-4.2,-0.03
3/31/2022 18:40,121.593,121.603,121.574,121.584,-0.9,-0.01
3/31/2022 18:35,121.591,121.596,121.579,121.591,0,0
3/31/2022 18:30,121.589,121.595,121.579,121.59,0.1,0
3/31/2022 18:25,121.566,121.596,121.564,121.587,2.1,0.02
3/31/2022 18:20,121.56,121.58,121.554,121.574,1.4,0.01
3/31/2022 18:15,121.574,121.575,121.537,121.563,-1.1,-0.01
3/31/2022 18:10,121.554,121.582,121.545,121.573,1.9,0.02
3/31/2022 18:05,121.59,121.591,121.546,121.558,-3.2,-0.03
3/31/2022 18:00,121.56,121.592,121.56,121.589,2.9,0.02
3/31/2022 17:55,121.556,121.568,121.529,121.559,0.3,0
3/31/2022 17:50,121.544,121.568,121.54,121.556,1.2,0.01
3/31/2022 17:45,121.572,121.585,121.533,121.542,-3,-0.02
3/31/2022 17:40,121.586,121.6,121.574,121.574,-1.2,-0.01
3/31/2022 17:35,121.625,121.625,121.58,121.586,-3.9,-0.03
3/31/2022 17:30,121.594,121.635,121.584,121.626,3.2,0.03
3/31/2022 17:25,121.542,121.591,121.526,121.591,4.9,0.04
3/31/2022 17:20,121.561,121.561,121.539,121.546,-1.5,-0.01
3/31/2022 17:15,121.587,121.588,121.542,121.561,-2.6,-0.02
3/31/2022 17:10,121.573,121.592,121.569,121.584,1.1,0.01
3/31/2022 17:05,121.593,121.619,121.556,121.571,-2.2,-0.02
3/31/2022 17:00,121.562,121.605,121.55,121.593,3.1,0.03
3/31/2022 16:55,121.594,121.61,121.553,121.561,-3.3,-0.03
3/31/2022 16:50,121.585,121.602,121.551,121.597,1.2,0.01
3/31/2022 16:45,121.575,121.599,121.547,121.581,0.6,0
3/31/2022 16:40,121.638,121.674,121.577,121.579,-5.9,-0.05
3/31/2022 16:35,121.623,121.674,121.622,121.639,1.6,0.01
3/31/2022 16:30,121.647,121.654,121.596,121.625,-2.2,-0.02
3/31/2022 16:25,121.589,121.653,121.589,121.649,6,0.05
3/31/2022 16:20,121.61,121.617,121.551,121.587,-2.3,-0.02
3/31/2022 16:15,121.591,121.625,121.566,121.612,2.1,0.02
3/31/2022 16:10,121.547,121.597,121.538,121.589,4.2,0.03
3/31/2022 16:05,121.478,121.547,121.474,121.544,6.6,0.05
3/31/2022 16:00,121.422,121.494,121.421,121.481,5.9,0.05
3/31/2022 15:55,121.409,121.425,121.361,121.425,1.6,0.01
3/31/2022 15:50,121.463,121.469,121.398,121.405,-5.8,-0.05
3/31/2022 15:45,121.509,121.509,121.436,121.467,-4.2,-0.03
3/31/2022 15:40,121.454,121.514,121.445,121.507,5.3,0.04
3/31/2022 15:35,121.444,121.46,121.408,121.454,1,0.01
3/31/2022 15:30,121.433,121.455,121.411,121.439,0.6,0
3/31/2022 15:25,121.422,121.445,121.401,121.437,1.5,0.01
3/31/2022 15:20,121.385,121.433,121.371,121.418,3.3,0.03
3/31/2022 15:15,121.436,121.458,121.357,121.382,-5.4,-0.04
3/31/2022 15:10,121.465,121.476,121.4,121.433,-3.2,-0.03
3/31/2022 15:05,121.388,121.473,121.388,121.464,7.6,0.06
3/31/2022 15:00,121.381,121.442,121.281,121.394,1.3,0.01
3/31/2022 14:55,121.414,121.504,121.3,121.379,-3.5,-0.03
3/31/2022 14:50,121.583,121.636,121.412,121.413,-17,-0.14
3/31/2022 14:45,121.584,121.633,121.564,121.588,0.4,0
3/31/2022 14:40,121.797,121.799,121.569,121.582,-21.5,-0.18
3/31/2022 14:35,121.726,121.823,121.725,121.797,7.1,0.06
3/31/2022 14:30,121.66,121.777,121.63,121.725,6.5,0.05
3/31/2022 14:25,121.637,121.671,121.607,121.656,1.9,0.02
3/31/2022 14:20,121.702,121.712,121.636,121.636,-6.6,-0.05
3/31/2022 14:15,121.645,121.779,121.634,121.705,6,0.05
3/31/2022 14:10,121.645,121.726,121.634,121.65,0.5,0
3/31/2022 14:05,121.588,121.658,121.584,121.645,5.7,0.05
3/31/2022 14:00,121.511,121.6,121.495,121.592,8.1,0.07
3/31/2022 13:55,121.537,121.563,121.504,121.506,-3.1,-0.03
3/31/2022 13:50,121.599,121.621,121.518,121.536,-6.3,-0.05
3/31/2022 13:45,121.634,121.648,121.589,121.6,-3.4,-0.03
3/31/2022 13:40,121.687,121.723,121.62,121.631,-5.6,-0.05
3/31/2022 13:35,121.643,121.689,121.582,121.688,4.5,0.04
3/31/2022 13:30,121.702,121.722,121.63,121.637,-6.5,-0.05
3/31/2022 13:25,121.72,121.725,121.628,121.706,-1.4,-0.01
3/31/2022 13:20,121.656,121.761,121.655,121.72,6.4,0.05
3/31/2022 13:15,121.673,121.677,121.642,121.655,-1.8,-0.01
3/31/2022 13:10,121.604,121.691,121.577,121.667,6.3,0.05
3/31/2022 13:05,121.653,121.679,121.592,121.609,-4.4,-0.04
3/31/2022 13:00,121.621,121.666,121.558,121.649,2.8,0.02
3/31/2022 12:55,121.662,121.667,121.56,121.615,-4.7,-0.04
3/31/2022 12:50,121.711,121.728,121.634,121.666,-4.5,-0.04
3/31/2022 12:45,121.746,121.748,121.701,121.716,-3,-0.02
3/31/2022 12:40,121.688,121.765,121.685,121.747,5.9,0.05
3/31/2022 12:35,121.687,121.699,121.618,121.69,0.3,0
3/31/2022 12:30,121.777,121.81,121.678,121.683,-9.4,-0.08
3/31/2022 12:25,121.818,121.828,121.769,121.78,-3.8,-0.03
3/31/2022 12:20,121.821,121.841,121.801,121.822,0.1,0
3/31/2022 12:15,121.759,121.849,121.747,121.822,6.3,0.05
3/31/2022 12:10,121.775,121.787,121.727,121.758,-1.7,-0.01
3/31/2022 12:05,121.661,121.8,121.653,121.777,11.6,0.1
3/31/2022 12:00,121.624,121.666,121.543,121.657,3.3,0.03
3/31/2022 11:55,121.608,121.682,121.602,121.626,1.8,0.01
3/31/2022 11:50,121.627,121.64,121.588,121.608,-1.9,-0.02
3/31/2022 11:45,121.699,121.699,121.617,121.631,-6.8,-0.06
3/31/2022 11:40,121.699,121.726,121.68,121.698,-0.1,0
3/31/2022 11:35,121.705,121.728,121.688,121.702,-0.3,0
3/31/2022 11:30,121.741,121.752,121.696,121.704,-3.7,-0.03
